111,0105,全日食(和日配）,8,050,ディリー食品,2,001,スポット商品,04726,03,512,さとの雪絹ｺﾞｼ2回分150g*2,ｻﾄﾉﾕｷｷﾇｺﾞｼ2ｶｲﾌﾞﾝ150*2,絹ゴシ2回,2,108,95.00,2015/05/26 11:59:54,2015/05/26 11:59:54
111,0105,全日食(和日配）,8,050,ディリー食品,2,001,スポット商品,05125,02,512,さとの雪 木綿2回分150g*2,ｻﾄﾉﾕｷﾓﾒﾝ2ｶｲ,木綿2回分,2,108,95.00,2015/05/26 11:59:19,2015/05/26 11:59:19
56,0048,竹本商店,2,030,鮮魚・塩干魚,2,001,スポット商品,06968,14,311,いきいき七尾魚たい刺身,ﾀｲｻｼﾐ1ﾊﾟｯｸ,鯛刺身,2,398,330.00,2015/05/26 11:57:16,2015/05/26 11:57:16
56,0048,竹本商店,2,030,鮮魚・塩干魚,2,001,スポット商品,06968,13,311,いきいき七尾魚たい刺身,ﾀｲｻｼﾐ1ﾊﾟｯｸ,鯛刺身,2,368,330.00,2015/05/26 11:57:16,2015/05/26 11:57:16
56,0048,竹本商店,2,030,鮮魚・塩干魚,2,001,スポット商品,06968,12,311,いきいき七尾魚たい刺身,ﾀｲｻｼﾐ1ﾊﾟｯｸ,鯛刺身,2,398,308.00,2015/05/26 11:57:16,2015/05/26 11:57:16
56,0048,竹本商店,2,030,鮮魚・塩干魚,2,001,スポット商品,06968,11,311,いきいき七尾魚たい刺身,ﾀｲｻｼﾐ1ﾊﾟｯｸ,鯛刺身,2,348,308.00,2015/05/26 11:57:16,2015/05/26 11:57:16
56,0048,竹本商店,2,030,鮮魚・塩干魚,2,001,スポット商品,06968,10,311,いきいき七尾魚たい刺身,ﾀｲｻｼﾐ1ﾊﾟｯｸ,鯛刺身,2,348,320.00,2015/05/26 11:57:15,2015/05/26 11:57:15
56,0048,竹本商店,2,030,鮮魚・塩干魚,2,001,スポット商品,06968,09,311,いきいき七尾魚たい刺身,ﾀｲｻｼﾐ1ﾊﾟｯｸ,鯛刺身,2,320,280.00,2015/05/26 11:57:15,2015/05/26 11:57:15
56,0048,竹本商店,2,030,鮮魚・塩干魚,2,001,スポット商品,06968,08,311,いきいき七尾魚たい刺身,ﾀｲｻｼﾐ1ﾊﾟｯｸ,鯛刺身,2,358,280.00,2015/05/26 11:57:15,2015/05/26 11:57:15
56,0048,竹本商店,2,030,鮮魚・塩干魚,2,001,スポット商品,06968,07,311,いきいき七尾魚たい刺身,ﾀｲｻｼﾐ1ﾊﾟｯｸ,鯛刺身,2,398,300.00,2015/05/26 11:57:15,2015/05/26 11:57:15
56,0048,竹本商店,2,030,鮮魚・塩干魚,2,001,スポット商品,06968,06,311,いきいき七尾魚たい刺身,ﾀｲｻｼﾐ1ﾊﾟｯｸ,鯛刺身,2,398,280.00,2015/05/26 11:57:15,2015/05/26 11:57:15
56,0048,竹本商店,2,030,鮮魚・塩干魚,2,001,スポット商品,06968,05,311,いきいき七尾魚たい刺身,ﾀｲｻｼﾐ1ﾊﾟｯｸ,鯛刺身,2,368,280.00,2015/05/26 11:57:15,2015/05/26 11:57:15
56,0048,竹本商店,2,030,鮮魚・塩干魚,2,001,スポット商品,06968,04,311,いきいき七尾魚たい刺身,ﾀｲｻｼﾐ1ﾊﾟｯｸ,鯛刺身,2,328,280.00,2015/05/26 11:57:15,2015/05/26 11:57:15
56,0048,竹本商店,2,030,鮮魚・塩干魚,2,001,スポット商品,06968,03,311,いきいき七尾魚たい刺身,ﾀｲｻｼﾐ1ﾊﾟｯｸ,鯛刺身,2,318,280.00,2015/05/26 11:57:14,2015/05/26 11:57:14
56,0048,竹本商店,2,030,鮮魚・塩干魚,2,001,スポット商品,06968,02,311,いきいき七尾魚たい刺身,ﾀｲｻｼﾐ1ﾊﾟｯｸ,鯛刺身,2,388,280.00,2015/05/26 11:57:14,2015/05/26 11:57:14
56,0048,竹本商店,2,030,鮮魚・塩干魚,2,001,スポット商品,06968,01,311,いきいき七尾魚たい刺身,ﾀｲｻｼﾐ1ﾊﾟｯｸ,鯛刺身,1,399,280.00,2015/05/26 11:57:14,2015/05/26 11:57:14
56,0048,竹本商店,2,030,鮮魚・塩干魚,2,001,スポット商品,06968,00,311,いきいき七尾魚たい刺身,ﾀｲｻｼﾐ1ﾊﾟｯｸ,鯛刺身,1,338,280.00,2015/05/26 11:57:05,2015/05/26 11:57:05
87,0079,騎寄精肉店,5,020,精肉・加工肉,2,001,スポット商品,02949,17,213,国産若鶏手羽先4本,ｺｸｻﾝﾜｶﾄﾘﾃﾊﾞｻｷ4ﾎﾝ,手羽先4本,2,228,188.00,2015/05/26 11:56:17,2015/05/26 11:56:17
112,0107,全日食(ドライ),9,070,ドライ食品,2,001,スポット商品,03956,12,732,伯方の塩1kg,ﾊｶﾀﾉｼｵ1kg,伯方の塩,2,268,216.00,2015/05/26 11:52:41,2015/05/26 11:52:41
119,0102,全日食(精肉･加工肉),5,020,精肉・加工肉,2,001,スポット商品,03845,03,271,ﾌﾟﾘﾏ香薫ｱﾗﾋﾞｷﾎﾟｰｸｳｲﾝﾅｰ*2,ﾌﾟﾘﾏｱﾗﾋﾞｷﾎﾟｰｸｳｲﾝﾅ,ﾎﾟｰｸｳｲﾝ,2,248,210.00,2015/05/26 11:47:57,2015/05/26 11:47:57
39,0033,江口青果株式会社,14,010,青果物,2,001,スポット商品,00354,39,112,ﾚﾀｽL 1玉,ﾅｶﾞﾉｹﾝｻﾝﾚﾀｽｼｭｳL1ﾀﾏ,ﾚﾀｽ1玉,2,163,150.00,2015/05/26 11:47:17,2015/05/26 11:47:17
39,0033,江口青果株式会社,14,010,青果物,2,001,スポット商品,04705,42,112,ﾚﾀｽL1/2ｶｯﾄ,ﾚﾀｽL1/2ｶｯﾄ,ﾚﾀｽL1/2ｶｯﾄ,2,85,75.00,2015/05/26 11:46:43,2015/05/26 11:46:43
39,0033,江口青果株式会社,14,010,青果物,2,001,スポット商品,04705,19,112,ﾚﾀｽL1/2ｶｯﾄ,ﾚﾀｽ1/2ｶｯﾄ,ﾚﾀｽ1/2ｶｯﾄ,1,131,90.00,2015/05/26 11:46:26,2015/05/26 11:46:26
39,0033,江口青果株式会社,14,010,青果物,2,001,スポット商品,04705,18,112,ﾚﾀｽL1/2ｶｯﾄ,ﾚﾀｽ1/2ｶｯﾄ,ﾚﾀｽ1/2ｶｯﾄ,1,143,100.00,2015/05/26 11:46:26,2015/05/26 11:46:26
39,0033,江口青果株式会社,14,010,青果物,2,001,スポット商品,04705,17,112,ﾚﾀｽL1/2ｶｯﾄ,ﾚﾀｽ1/2ｶｯﾄ,ﾚﾀｽ1/2ｶｯﾄ,1,194,125.00,2015/05/26 11:46:26,2015/05/26 11:46:26
39,0033,江口青果株式会社,14,010,青果物,2,001,スポット商品,04705,16,112,ﾚﾀｽL1/2ｶｯﾄ,ﾚﾀｽ1/2ｶｯﾄ,ﾚﾀｽ1/2ｶｯﾄ,1,204,135.00,2015/05/26 11:46:26,2015/05/26 11:46:26
39,0033,江口青果株式会社,14,010,青果物,2,001,スポット商品,04705,15,112,ﾚﾀｽL1/2ｶｯﾄ,ﾚﾀｽ1/2ｶｯﾄ,ﾚﾀｽ1/2ｶｯﾄ,1,287,200.00,2015/05/26 11:46:26,2015/05/26 11:46:26
39,0033,江口青果株式会社,14,010,青果物,2,001,スポット商品,04705,14,112,ﾚﾀｽL1/2ｶｯﾄ,ﾚﾀｽ1/2ｶｯﾄ,ﾚﾀｽ1/2ｶｯﾄ,1,172,110.00,2015/05/26 11:46:26,2015/05/26 11:46:26
39,0033,江口青果株式会社,14,010,青果物,2,001,スポット商品,04705,13,112,ﾚﾀｽL1/2ｶｯﾄ,ﾚﾀｽ1/2ｶｯﾄ,ﾚﾀｽ1/2ｶｯﾄ,1,163,110.00,2015/05/26 11:46:26,2015/05/26 11:46:26
39,0033,江口青果株式会社,14,010,青果物,2,001,スポット商品,04705,12,112,ﾚﾀｽL1/2ｶｯﾄ,ﾚﾀｽ1/2ｶｯﾄ,ﾚﾀｽ1/2ｶｯﾄ,1,183,125.00,2015/05/26 11:46:25,2015/05/26 11:46:25
39,0033,江口青果株式会社,14,010,青果物,2,001,スポット商品,04705,11,112,ﾚﾀｽL1/2ｶｯﾄ,ﾚﾀｽ1/2ｶｯﾄ,ﾚﾀｽ1/2ｶｯﾄ,1,163,100.00,2015/05/26 11:46:25,2015/05/26 11:46:25
39,0033,江口青果株式会社,14,010,青果物,2,001,スポット商品,04705,10,112,ﾚﾀｽL1/2ｶｯﾄ,ﾚﾀｽ1/2ｶｯﾄ,ﾚﾀｽ1/2ｶｯﾄ,1,122,90.00,2015/05/26 11:46:25,2015/05/26 11:46:25
39,0033,江口青果株式会社,14,010,青果物,2,001,スポット商品,04705,09,112,ﾚﾀｽL1/2ｶｯﾄ,ﾚﾀｽ1/2ｶｯﾄ,ﾚﾀｽ1/2ｶｯﾄ,1,111,65.00,2015/05/26 11:46:25,2015/05/26 11:46:25
39,0033,江口青果株式会社,14,010,青果物,2,001,スポット商品,04705,08,112,ﾚﾀｽL1/2ｶｯﾄ,ﾚﾀｽ1/2ｶｯﾄ,ﾚﾀｽ1/2ｶｯﾄ,1,122,75.00,2015/05/26 11:46:25,2015/05/26 11:46:25
39,0033,江口青果株式会社,14,010,青果物,2,001,スポット商品,04705,07,112,ﾚﾀｽL1/2ｶｯﾄ,ﾚﾀｽ1/2ｶｯﾄ,ﾚﾀｽ1/2ｶｯﾄ,1,81,50.00,2015/05/26 11:46:25,2015/05/26 11:46:25
39,0033,江口青果株式会社,14,010,青果物,2,001,スポット商品,04705,06,112,ﾚﾀｽL1/2ｶｯﾄ,ﾚﾀｽ1/2ｶｯﾄ,ﾚﾀｽ1/2ｶｯﾄ,1,75,50.00,2015/05/26 11:46:25,2015/05/26 11:46:25
39,0033,江口青果株式会社,14,010,青果物,2,001,スポット商品,04705,05,112,ﾚﾀｽL1/2ｶｯﾄ,ﾚﾀｽ1/2ｶｯﾄ,ﾚﾀｽ1/2ｶｯﾄ,1,77,50.00,2015/05/26 11:46:24,2015/05/26 11:46:24
39,0033,江口青果株式会社,14,010,青果物,2,001,スポット商品,04705,04,112,ﾚﾀｽL1/2ｶｯﾄ,ﾚﾀｽ1/2ｶｯﾄ,ﾚﾀｽ1/2ｶｯﾄ,1,82,67.50,2015/05/26 11:46:24,2015/05/26 11:46:24
39,0033,江口青果株式会社,14,010,青果物,2,001,スポット商品,04705,03,112,ﾚﾀｽL1/2ｶｯﾄ,ﾚﾀｽ1/2ｶｯﾄ,ﾚﾀｽ1/2ｶｯﾄ,1,152,100.00,2015/05/26 11:46:24,2015/05/26 11:46:24
39,0033,江口青果株式会社,14,010,青果物,2,001,スポット商品,04705,02,112,ﾚﾀｽL1/2ｶｯﾄ,ﾚﾀｽ1/2ｶｯﾄ,ﾚﾀｽ1/2ｶｯﾄ,1,150,100.00,2015/05/26 11:46:24,2015/05/26 11:46:24
39,0033,江口青果株式会社,14,010,青果物,2,001,スポット商品,04705,01,112,ﾚﾀｽL1/2ｶｯﾄ,ﾚﾀｽ1/2ｶｯﾄ,ﾚﾀｽ1/2ｶｯﾄ,1,142,90.00,2015/05/26 11:46:24,2015/05/26 11:46:24
39,0033,江口青果株式会社,14,010,青果物,2,001,スポット商品,04705,00,112,ﾚﾀｽL1/2ｶｯﾄ,ﾚﾀｽ1/2ｶｯﾄ,ﾚﾀｽ1/2ｶｯﾄ,1,101,65.00,2015/05/26 11:46:24,2015/05/26 11:46:24
11,0011,ジョイエム,28,001,その他,2,001,スポット商品,99422,02,9999,JM今治産ｼﾞｬｶﾞｰﾀｵﾙｼｰﾂ,ｼﾞｬｶﾞｰﾀｵﾙｼｰﾂ,ﾀｵﾙｼｰﾂ,2,2980,2235.00,2015/05/26 8:51:49,2015/05/26 8:51:49
11,0011,ジョイエム,28,001,その他,2,001,スポット商品,99059,00,9999,JM防ｶﾋﾞｽﾌﾟﾚｰ,ﾎﾞｳｶﾋﾞｽﾌﾟﾚｰ,防ｶﾋﾞｽﾌﾟﾚｰ,2,935,701.00,2015/05/26 8:51:20,2015/05/26 8:51:20
7,0007,オフィス・ミント,28,001,その他,2,001,スポット商品,99063,00,9999,OM黒豆ひねり餅,ﾋﾈﾘﾓﾁ,ひねり餅,2,1000,700.00,2015/05/26 8:51:00,2015/05/26 8:51:00
7,0007,オフィス・ミント,28,001,その他,2,001,スポット商品,99490,01,9999,OM花らっきょ,ﾊﾅﾗｯｷｮ,花らっきょ,2,1200,840.00,2015/05/26 8:50:52,2015/05/26 8:50:52
31,0025,㈱ナカヤマエッグ,8,050,ディリー食品,2,001,スポット商品,07078,23,541,白玉たまごLｻｲｽﾞ6個入,ｼﾗﾀﾏﾀﾏｺﾞLｻｲｽﾞ6ｺｲﾘ,白玉L6個,2,138,98.00,2015/05/25 15:14:15,2015/05/25 15:14:15
39,0033,江口青果株式会社,14,010,青果物,2,001,スポット商品,01287,66,114,えのき200g,ﾅｶﾞﾉﾎｶｴﾉｷ200g,えのき200g,2,94,75.00,2015/05/25 14:00:08,2015/05/25 14:00:08
45,0038,ﾓﾝﾃｰﾙ,8,050,ディリー食品,2,001,スポット商品,08049,00,577,4Pｶｽﾀｰﾄﾞ&ﾎｲｯﾌﾟﾜｯﾌﾙ,4Pｶｽﾀｰﾄﾞ&ﾎｲｯﾌﾟﾜｯﾌﾙ,ﾜｯﾌﾙ,2,178,132.00,2015/05/25 13:39:40,2015/05/25 13:39:40
39,0033,江口青果株式会社,14,010,青果物,2,001,スポット商品,00328,46,113,大根L1本,ﾀﾞｲｺﾝL1ﾎﾟﾝ,大根L1本,2,248,180.00,2015/05/25 12:39:01,2015/05/25 12:39:01
133,0126,amazon,13,100,バラエティー,2,001,スポット商品,08137,00,1999,ﾕﾅｲﾃｯﾄﾞｱｽﾚﾄｰﾄﾊﾞｯｸﾞ,ﾕﾅｲﾃｯﾄﾞｱｽﾚﾄｰﾄﾊﾞｯｸﾞ,ﾄｰﾄﾊﾞｯｸﾞ,2,1400,831.49,2015/05/25 9:12:29,2015/05/25 9:12:29
36,0030,日本酒販㈱金沢支店,12,090,酒類,2,001,スポット商品,04700,07,911,ｱｻﾋ ｽｰﾊﾟｰﾄﾞﾗｲ135ml*24缶,ｱｻﾋｽｰﾊﾟｰﾄﾞﾗｲ135ml*24ｶﾝ,ｽｰﾊﾟｰﾄﾞﾗｲ,2,2064,1752.00,2015/05/25 9:01:07,2015/05/25 9:01:07
111,0105,全日食(和日配）,8,050,ディリー食品,2,001,スポット商品,07989,00,518,ｶﾈﾊﾂ健者減塩椎茸昆布50g,ｼｲﾀｹｺﾝﾌﾞ,椎茸昆布,2,110,82.00,2015/05/22 16:49:31,2015/05/22 16:49:31
111,0105,全日食(和日配）,8,050,ディリー食品,2,001,スポット商品,07988,01,518,ｶﾈﾊﾂ減塩健者しそ昆布50g,ｼｿｺﾝﾌﾞ,しそこんぶ,2,118,82.00,2015/05/22 16:49:16,2015/05/22 16:49:16
111,0105,全日食(和日配）,8,050,ディリー食品,2,001,スポット商品,07988,00,518,ｶﾈﾊﾂ減塩健者しそ昆布50g,ｼｿｺﾝﾌﾞ,しそこんぶ,2,110,82.00,2015/05/22 16:49:16,2015/05/22 16:49:16
112,0107,全日食(ドライ),9,070,ドライ食品,2,001,スポット商品,08136,00,799,静岡銘茶,ｼｽﾞｵｶﾒｲﾁｬ,静岡銘茶,2,3941,3350.00,2015/05/22 16:02:10,2015/05/22 16:02:10
112,0107,全日食(ドライ),9,070,ドライ食品,2,001,スポット商品,08135,00,799,かに缶・海苔詰合せ,ｶﾆｶﾝﾉﾘ,蟹缶海苔,2,2365,2010.00,2015/05/22 16:01:32,2015/05/22 16:01:32
120,0111,全日食(バラエティ）,13,100,バラエティー,2,001,スポット商品,08134,00,1999,ｽﾄﾚｳﾞｧ羽根布団,ﾊﾈﾌﾄﾝ,羽根布団,2,6471,5500.00,2015/05/22 16:00:27,2015/05/22 16:00:27
55,0047,×ヤマキシ,13,100,バラエティー,2,001,スポット商品,04089,04,1019,ｷﾚｲｷﾚｲ薬ﾊﾝﾄﾞｿｰﾌﾟ替200ml,ｷﾚｲｷﾚｲﾊﾝﾄﾞｿｰﾌﾟﾂﾒｶｴ,ｷﾚｲｷﾚｲ替,2,188,150.00,2015/05/22 15:59:50,2015/05/22 15:59:50
120,0111,全日食(バラエティ）,13,100,バラエティー,2,001,スポット商品,08133,00,1999,東洋紡ﾆｯﾄﾜｯﾌﾙ敷ﾊﾟｯﾄ,ﾆｯﾄﾜｯﾌﾙ,ﾆｯﾄﾜｯﾌﾙ,2,2759,2345.00,2015/05/22 15:59:42,2015/05/22 15:59:42
120,0111,全日食(バラエティ）,13,100,バラエティー,2,001,スポット商品,08132,00,1999,ｱﾀﾞﾑ&ｲﾌﾞﾊﾟｲﾙ敷ﾊﾟｯﾄﾌﾞﾙｰ,ｼｷﾊﾟｯﾄ,敷ﾊﾟｯﾄ,2,2365,2010.00,2015/05/22 15:58:50,2015/05/22 15:58:50
120,0111,全日食(バラエティ）,13,100,バラエティー,2,001,スポット商品,08131,00,1999,ﾄﾛｲ肌布団ﾌﾞﾙｰ,ﾄﾛｲﾊﾀﾞﾌﾞﾄﾝ,肌布団,2,3529,3000.00,2015/05/22 15:57:54,2015/05/22 15:57:54
22,0018,敷島製パン　株式会社,11,080,菓子・パン,2,001,スポット商品,01231,03,801,P田舎饅頭,Pｲﾅｶﾏﾝｼﾞｭｳ,田舎饅頭,2,64,50.40,2015/05/22 12:42:04,2015/05/22 12:42:04
22,0018,敷島製パン　株式会社,11,080,菓子・パン,2,001,スポット商品,01231,05,801,P草大福,Pｲﾅｶﾏﾝｼﾞｭｳ,饅,2,64,50.40,2015/05/22 12:42:04,2015/05/22 12:42:04
23,9999,その他,30,981,お試しｾｯﾄ,2,001,スポット商品,00203,00,9999,父の日ﾌﾟﾚｾﾞﾝﾄ,ﾁﾁﾉﾋﾌﾟﾚｾﾞﾝﾄ,父の日ﾌﾟﾚ,2,0,0.00,2015/05/22 12:14:30,2015/05/22 12:14:30
39,0033,江口青果株式会社,14,010,青果物,2,001,スポット商品,00356,39,112,ﾌﾞﾛｯｺﾘｰL1株,ｱｲﾁｹﾝｻﾝﾌﾞﾛｯｺﾘｰL1ｺ,ﾌﾞﾛｯｺﾘｰL1,2,313,250.00,2015/05/22 11:59:16,2015/05/22 11:59:16
39,0033,江口青果株式会社,14,010,青果物,2,001,スポット商品,08130,00,121,ｺﾞｰﾙﾄﾞｷｳｲ,ｺﾞｰﾙﾄﾞｷｳｲ,ｺﾞｰﾙﾄﾞｷｳｲ,2,134,100.00,2015/05/22 11:03:07,2015/05/22 11:03:07
36,0030,日本酒販㈱金沢支店,12,090,酒類,2,001,スポット商品,08129,00,939,ｱｻﾋﾄﾞﾗｲ0ﾉﾝｱﾙｺｰﾙ350ml*24,ｱｻﾋﾄﾞﾗｲ0ﾉﾝｱﾙｺｰﾙ,ﾉﾝｱﾙ,2,2680,2328.00,2015/05/22 11:01:58,2015/05/22 11:01:58
11,0011,ジョイエム,28,001,その他,2,001,スポット商品,99062,00,9999,JMおしゃれｼﾆｱｸﾞﾗｽ和柄,ｼﾆｱｸﾞﾗｽ,ｼﾆｱｸﾞﾗｽ,2,1980,1485.00,2015/05/21 15:48:28,2015/05/21 15:48:28
11,0011,ジョイエム,28,001,その他,2,001,スポット商品,99060,00,9999,JMｶﾋﾞ取ｽｶｯﾄ,ｶﾋﾞﾄﾘｽｶｯﾄ,かび取,2,800,600.00,2015/05/21 15:09:28,2015/05/21 15:09:28
11,0011,ジョイエム,28,001,その他,2,001,スポット商品,99061,00,9999,JM滑りにくい長靴,ﾅｶﾞｸﾞﾂ,長靴,2,3680,2760.00,2015/05/21 15:08:29,2015/05/21 15:08:29
7,0007,オフィス・ミント,28,001,その他,2,001,スポット商品,99064,00,9999,OMｶﾙどん,ｶﾙﾄﾞﾝ,ｶﾙ,2,1250,875.00,2015/05/21 14:27:52,2015/05/21 14:27:52
36,0030,日本酒販㈱金沢支店,12,090,酒類,2,001,スポット商品,08128,00,911,ｷﾘﾝ淡麗極上500ml*24缶,ﾀﾝﾚｲｺﾞｸｼﾞｮｳ500*24,淡麗極上,2,4180,3732.00,2015/05/21 13:42:27,2015/05/21 13:42:27
36,0030,日本酒販㈱金沢支店,12,090,酒類,2,001,スポット商品,07965,01,911,ｷﾘﾝのどごしｵｰﾙﾗｲﾄ350*24,ﾉﾄﾞｺﾞｼｵｰﾙﾗｲﾄ350*24,ｵｰﾙﾗｲﾄ,2,2598,2328.00,2015/05/21 13:30:51,2015/05/21 13:30:51
36,0030,日本酒販㈱金沢支店,12,090,酒類,2,001,スポット商品,05180,02,911,ｷﾘﾝのどごしｵｰﾙﾗｲﾄ350ml*6,ｷﾘﾝﾉﾄﾞｺﾞｼ,ｵｰﾙﾗｲﾄ,2,665,582.00,2015/05/21 13:30:22,2015/05/21 13:30:22
36,0030,日本酒販㈱金沢支店,12,090,酒類,2,001,スポット商品,08127,00,911,ｷﾘﾝ淡麗極上350ml*24缶,ｷﾘﾝﾀﾝﾚｲｺﾞｸｼﾞｮｳ*24ｶﾝ,淡麗極上,2,2998,2695.00,2015/05/21 13:27:00,2015/05/21 13:27:00
36,0030,日本酒販㈱金沢支店,12,090,酒類,2,001,スポット商品,08126,00,911,ｷﾘﾝ淡麗極上350ml*6缶,ｷﾘﾝﾀﾝﾚｲｺﾞｸｼﾞｮｳ350*6,淡麗極上,2,772,674.00,2015/05/21 13:25:58,2015/05/21 13:25:58
112,0107,全日食(ドライ),9,070,ドライ食品,2,001,スポット商品,04307,04,743,BOSS贅沢微糖185g*30缶,ﾎﾞｽｾﾞｲﾀｸﾋﾞﾄｳ185*30,贅沢微糖,2,2340,1680.00,2015/05/21 13:20:23,2015/05/21 13:20:23
120,0111,全日食(バラエティ）,13,100,バラエティー,2,001,スポット商品,08125,00,1041,ﾊﾟﾅｿﾆｯｸｽﾅｯﾌﾟﾀｯﾌﾟ,ｽﾅｯﾌﾟﾀｯﾌﾟ,ﾀｯﾌﾟ,2,288,191.00,2015/05/21 12:44:48,2015/05/21 12:44:48
120,0111,全日食(バラエティ）,13,100,バラエティー,2,001,スポット商品,08124,00,1040,ｱｰｽﾉｰﾏｯﾄ取替30日無香,ｱｰｽﾉｰﾏｯﾄﾄﾘｶｴ,ｱｰｽﾉｰﾏｯﾄ,2,498,376.00,2015/05/21 12:42:44,2015/05/21 12:42:44
120,0111,全日食(バラエティ）,13,100,バラエティー,2,001,スポット商品,08123,00,1040,ｱｰｽ渦巻香10巻入,ｳｽﾞﾏｷｺｳ,渦巻香,2,228,164.00,2015/05/21 12:39:53,2015/05/21 12:39:53
120,0111,全日食(バラエティ）,13,100,バラエティー,2,001,スポット商品,08122,00,1030,ｼｮｰﾜﾅｲｽﾊﾝﾄﾞﾌｨｯﾄ薄Mｸﾞﾘｰﾝ,ﾅｲｽﾊﾝﾄﾞ,ﾅｲｽﾊﾝﾄﾞ,2,108,78.00,2015/05/21 12:38:23,2015/05/21 12:38:23
37,0031,政浦商店,13,100,バラエティー,2,001,スポット商品,05168,01,1030,ﾘｹﾝ ﾊｲﾗｯﾌﾟ30㌢×20㍍,ﾊｲﾗｯﾌﾟ,ﾊｲﾗｯﾌﾟ,2,85,58.00,2015/05/21 12:36:39,2015/05/21 12:36:39
120,0111,全日食(バラエティ）,13,100,バラエティー,2,001,スポット商品,08121,00,1022,ﾗ)ﾁｬｰﾐｰﾏｼﾞｶｵﾚﾝｼﾞ詰替600m,ﾁｬｰﾐｰﾏｼﾞｶﾂﾒｶｴ,ﾁｬｰﾐ詰替え,2,338,247.00,2015/05/21 12:36:04,2015/05/21 12:36:04
120,0111,全日食(バラエティ）,13,100,バラエティー,2,001,スポット商品,08120,00,1022,ﾗ)ﾁｬｰﾐｰﾏｼﾞｶｵﾚﾝｼﾞ本体230m,ﾁｬｰﾐｰﾏｼﾞｶ,ﾁｬｰﾐｰ,2,168,125.00,2015/05/21 12:35:05,2015/05/21 12:35:05
120,0111,全日食(バラエティ）,13,100,バラエティー,2,001,スポット商品,04100,04,1021,ﾗｲｵﾝ ﾄｯﾌﾟﾅﾉｯｸｽ詰替400g,ﾗｲｵﾝﾄｯﾌﾟﾂﾒｶｴ360g,ﾄｯﾌﾟ,2,348,250.00,2015/05/21 12:33:48,2015/05/21 12:33:48
120,0111,全日食(バラエティ）,13,100,バラエティー,2,001,スポット商品,08119,00,1011,ｻﾝｽﾀｰGUMﾃﾞﾝﾀﾙﾍﾟｰｽﾄ120g,ﾃﾞﾝﾀﾙﾍﾟｽﾄ,ﾃﾞﾝﾀﾙﾍﾟｰ,2,380,285.00,2015/05/21 12:32:51,2015/05/21 12:32:51
112,0107,全日食(ドライ),9,070,ドライ食品,2,001,スポット商品,04883,12,731,ﾔﾏﾓﾘそのままｿｳﾒﾝつゆ500m,ﾔﾏﾓﾘｿﾉﾏﾏｿｳﾒﾝﾂﾕ,そうめんﾂﾕ,2,238,170.00,2015/05/21 12:29:08,2015/05/21 12:29:08
112,0107,全日食(ドライ),9,070,ドライ食品,2,001,スポット商品,08118,00,99,ｷﾝｸﾞ日の出料理酒醇良1L,ﾘｮｳﾘｼｭ,料理酒,2,318,221.00,2015/05/21 12:24:44,2015/05/21 12:24:44
112,0107,全日食(ドライ),9,070,ドライ食品,2,001,スポット商品,05846,07,714,ｻﾝﾖｰ厚切ﾊﾟｲﾝｶｯﾄEO08号,ｻﾝﾖｰｱﾂｷﾞﾘﾊﾟｲﾝｶｯﾄ,厚切ﾊﾟｲﾝ,2,115,80.00,2015/05/21 12:20:23,2015/05/21 12:20:23
112,0107,全日食(ドライ),9,070,ドライ食品,2,001,スポット商品,05872,05,714,ｻﾝﾖｰ ﾌﾙｰﾂみつ豆EO08号,ｻﾝﾖｰﾌﾙｰﾂﾐﾂﾏﾒ08ｺﾞｳ,みつ豆,2,115,80.00,2015/05/21 12:19:21,2015/05/21 12:19:21
112,0107,全日食(ドライ),9,070,ドライ食品,2,001,スポット商品,03921,12,714,ﾊｺﾞﾛﾓ ｼｬｷｯとｺｰﾝ190g,ｼｬｷｯﾄｺｰﾝ,ｼｬｷｯﾄｺｰﾝ,2,120,86.00,2015/05/21 12:18:32,2015/05/21 12:18:32
112,0107,全日食(ドライ),9,070,ドライ食品,2,001,スポット商品,03921,11,714,ﾊｺﾞﾛﾓ ｼｬｷｯとｺｰﾝ190g,ｼｬｷｯﾄｺｰﾝ,ｼｬｷｯﾄｺｰﾝ,2,110,86.00,2015/05/21 12:18:31,2015/05/21 12:18:31
112,0107,全日食(ドライ),9,070,ドライ食品,2,001,スポット商品,03921,10,714,ﾊｺﾞﾛﾓ ｼｬｷｯとｺｰﾝ190g,ｼｬｷｯﾄｺｰﾝ,ｼｬｷｯﾄｺｰﾝ,2,118,86.00,2015/05/21 12:18:31,2015/05/21 12:18:31
112,0107,全日食(ドライ),9,070,ドライ食品,2,001,スポット商品,03921,09,714,ﾊｺﾞﾛﾓ ｼｬｷｯとｺｰﾝ190g,ｼｬｷｯﾄｺｰﾝ,ｼｬｷｯﾄｺｰﾝ,2,124,86.00,2015/05/21 12:18:31,2015/05/21 12:18:31
112,0107,全日食(ドライ),9,070,ドライ食品,2,001,スポット商品,03921,08,714,ﾊｺﾞﾛﾓ ｼｬｷｯとｺｰﾝ190g,ｼｬｷｯﾄｺｰﾝ,ｼｬｷｯﾄｺｰﾝ,2,123,86.00,2015/05/21 12:18:31,2015/05/21 12:18:31
112,0107,全日食(ドライ),9,070,ドライ食品,2,001,スポット商品,03921,07,714,ﾊｺﾞﾛﾓ ｼｬｷｯとｺｰﾝ190g,ｼｬｷｯﾄｺｰﾝ,ｼｬｷｯﾄｺｰﾝ,2,108,86.00,2015/05/21 12:18:31,2015/05/21 12:18:31
112,0107,全日食(ドライ),9,070,ドライ食品,2,001,スポット商品,03921,06,714,ﾊｺﾞﾛﾓ ｼｬｷｯとｺｰﾝ190g,ｼｬｷｯﾄｺｰﾝ,ｼｬｷｯﾄｺｰﾝ,2,133,86.00,2015/05/21 12:18:31,2015/05/21 12:18:31
112,0107,全日食(ドライ),9,070,ドライ食品,2,001,スポット商品,03921,05,714,ﾊｺﾞﾛﾓ ｼｬｷｯとｺｰﾝ190g,ｼｬｷｯﾄｺｰﾝ,ｼｬｷｯﾄｺｰﾝ,1,116,86.00,2015/05/21 12:18:31,2015/05/21 12:18:31
112,0107,全日食(ドライ),9,070,ドライ食品,2,001,スポット商品,03921,04,714,ﾊｺﾞﾛﾓ ｼｬｷｯとｺｰﾝ190g,ｼｬｷｯﾄｺｰﾝ,ｼｬｷｯﾄｺｰﾝ,1,131,86.00,2015/05/21 12:18:30,2015/05/21 12:18:30
112,0107,全日食(ドライ),9,070,ドライ食品,2,001,スポット商品,03921,03,714,ﾊｺﾞﾛﾓ ｼｬｷｯとｺｰﾝ190g,ｼｬｷｯﾄｺｰﾝ,ｼｬｷｯﾄｺｰﾝ,1,122,86.00,2015/05/21 12:18:30,2015/05/21 12:18:30
112,0107,全日食(ドライ),9,070,ドライ食品,2,001,スポット商品,03921,02,714,ﾊｺﾞﾛﾓ ｼｬｷｯとｺｰﾝ190g,ｼｬｷｯﾄｺｰﾝ,ｼｬｷｯﾄｺｰﾝ,1,123,86.00,2015/05/21 12:18:30,2015/05/21 12:18:30
112,0107,全日食(ドライ),9,070,ドライ食品,2,001,スポット商品,03921,01,714,ﾊｺﾞﾛﾓ ｼｬｷｯとｺｰﾝ190g,ｼｬｷｯﾄｺｰﾝ,ｼｬｷｯﾄｺｰﾝ,1,113,82.00,2015/05/21 12:18:30,2015/05/21 12:18:30
112,0107,全日食(ドライ),9,070,ドライ食品,2,001,スポット商品,03921,00,714,ﾊｺﾞﾛﾓ ｼｬｷｯとｺｰﾝ190g,ｼｬｷｯﾄｺｰﾝ,ｼｬｷｯﾄｺｰﾝ,1,142,86.00,2015/05/21 12:18:30,2015/05/21 12:18:30
112,0107,全日食(ドライ),9,070,ドライ食品,2,001,スポット商品,08117,00,714,日水焼さけあらほぐし52g,ﾔｷｻｹ,焼さけ,2,189,129.00,2015/05/21 12:17:44,2015/05/21 12:17:44
112,0107,全日食(ドライ),9,070,ドライ食品,2,001,スポット商品,08116,00,713,ﾏ･ﾏｰﾊﾟｽﾀｷｯﾁﾝﾅﾎﾟﾘﾀﾝ140g,ﾏ･ﾏｰﾊﾟｽﾀｷｯﾁﾝﾅﾎﾟﾘﾀﾝ140g,ﾅﾎﾟﾘﾀﾝ,2,128,88.00,2015/05/21 12:05:59,2015/05/21 12:05:59
112,0107,全日食(ドライ),9,070,ドライ食品,2,001,スポット商品,08115,00,713,ﾏ･ﾏｰﾊﾟｽﾀｷｯﾁﾝﾐｰﾄｿｰｽ140g,ﾏ･ﾏｰﾊﾟｽﾀｷｯﾁﾝﾐｰﾄｿｰｽ140g,ﾐｰﾄｰｿｽ,2,128,88.00,2015/05/21 12:05:29,2015/05/21 12:05:29
98,0090,クスリのアオキ,13,100,バラエティー,2,001,スポット商品,08114,00,1021,花王ﾌﾚｸﾞﾗﾝｽﾆｭｰﾋﾞｰｽﾞ850g,ﾌﾚｸﾞﾗﾝｽﾆｭｰﾋﾞｰｽﾞ,ﾆｭｰﾋﾞｰｽﾞ,2,344,258.00,2015/05/21 10:14:17,2015/05/21 10:14:17
112,0107,全日食(ドライ),9,070,ドライ食品,2,001,スポット商品,08113,00,712,永谷園そうらーめん2人前,ｿｳﾗｰﾒﾝ,そうらーめ,2,258,189.00,2015/05/20 17:16:09,2015/05/20 17:16:09
112,0107,全日食(ドライ),9,070,ドライ食品,2,001,スポット商品,03790,08,712,日清焼きそばUFO128g,ﾆｯｼﾝUFO,UFO,2,164,118.00,2015/05/20 17:15:17,2015/05/20 17:15:17
112,0107,全日食(ドライ),9,070,ドライ食品,2,001,スポット商品,03790,07,712,日清焼きそばUFO128g,ﾆｯｼﾝUFO,UFO,2,156,111.00,2015/05/20 17:15:07,2015/05/20 17:15:07
112,0107,全日食(ドライ),9,070,ドライ食品,2,001,スポット商品,03790,06,712,日清焼きそばUFO128g,ﾆｯｼﾝUFO,UFO,2,139,111.00,2015/05/20 17:15:07,2015/05/20 17:15:07
112,0107,全日食(ドライ),9,070,ドライ食品,2,001,スポット商品,03790,05,712,日清焼きそばUFO128g,ﾆｯｼﾝUFO,UFO,2,152,111.00,2015/05/20 17:15:06,2015/05/20 17:15:06
112,0107,全日食(ドライ),9,070,ドライ食品,2,001,スポット商品,03790,04,712,日清焼きそばUFO128g,ﾆｯｼﾝUFO,UFO,1,142,111.00,2015/05/20 17:15:06,2015/05/20 17:15:06
112,0107,全日食(ドライ),9,070,ドライ食品,2,001,スポット商品,03790,03,712,日清焼きそばUFO128g,ﾆｯｼﾝUFO,UFO,1,151,111.00,2015/05/20 17:15:06,2015/05/20 17:15:06
112,0107,全日食(ドライ),9,070,ドライ食品,2,001,スポット商品,03790,02,712,日清焼きそばUFO128g,ﾆｯｼﾝUFO,UFO,1,154,111.00,2015/05/20 17:15:06,2015/05/20 17:15:06
112,0107,全日食(ドライ),9,070,ドライ食品,2,001,スポット商品,03790,01,712,日清焼きそばUFO128g,ﾆｯｼﾝUFO,UFO,1,122,107.00,2015/05/20 17:15:06,2015/05/20 17:15:06
112,0107,全日食(ドライ),9,070,ドライ食品,2,001,スポット商品,03790,00,712,日清焼きそばUFO128g,ﾆｯｼﾝUFO,UFO,1,163,111.00,2015/05/20 17:15:06,2015/05/20 17:15:06
112,0107,全日食(ドライ),9,070,ドライ食品,2,001,スポット商品,08112,00,712,日清ﾗ王味塩5食,ﾗｵｳｼｵ,らおう塩,2,400,300.00,2015/05/20 17:13:11,2015/05/20 17:13:11
112,0107,全日食(ドライ),9,070,ドライ食品,2,001,スポット商品,08111,00,712,ﾏﾙﾁｬﾝ正麺ｶﾚｰうどん5食,ｶﾚｰｳﾄﾞﾝ,ｶﾚｰｳﾄﾞﾝ,2,400,300.00,2015/05/20 17:12:02,2015/05/20 17:12:02
111,0105,全日食(和日配）,8,050,ディリー食品,2,001,スポット商品,08004,01,513,金ﾂﾌﾞ納豆骨元気国産小粒3,ﾎﾈｹﾞﾝｷ,ほねげんき,2,105,72.00,2015/05/20 15:56:44,2015/05/20 15:56:44
1,0001,森永乳業,8,050,ディリー食品,2,001,スポット商品,01426,07,512,M絹ごし豆腐290g,ﾓﾘﾅｶﾞｷﾇｷｺﾞｼﾄｳﾌ,絹ごし豆腐,2,145,87.00,2015/05/20 15:54:55,2015/05/20 15:54:55
111,0105,全日食(和日配）,8,050,ディリー食品,2,001,スポット商品,04680,04,511,東洋冷し生ﾗｰﾒﾝ3人前,ﾄｳﾖｳﾋﾔｼﾅﾏﾗｰﾒﾝ,冷し生ﾗｰ,2,218,155.00,2015/05/20 15:51:31,2015/05/20 15:51:31
98,0090,クスリのアオキ,15,060,冷凍食品,24,000,スポット商品(冷凍),03733,09,1611,ﾆﾁﾚｲからあげﾁｷﾝ6個,ﾆﾁﾚｲｶﾗｱｹﾞﾁｷﾝ6ｺ,からあげ,2,285,190.00,2015/05/20 15:46:58,2015/05/20 15:46:58
138,0131,奈良コープ産業,6,040,デリカ,24,000,スポット商品(冷凍),06531,09,1611,天ぷら盛り合わせ60g,ﾃﾝﾌﾟﾗﾓﾘｱﾜｾ,天ぷら,2,298,189.00,2015/05/20 15:45:31,2015/05/20 15:45:31
56,0048,竹本商店,2,030,鮮魚・塩干魚,2,001,スポット商品,07826,02,311,はちめ3匹,ﾊﾁﾒ,はちめ,2,1200,1000.00,2015/05/20 13:10:51,2015/05/20 13:10:51
98,0090,クスリのアオキ,13,100,バラエティー,2,001,スポット商品,06589,04,1030,旭化成ｸｯｸﾊﾟｰﾌﾗｲﾊﾟﾝ用ﾎｲﾙ,ｽﾗｲﾊﾟﾝﾖｳﾎｲﾙ,ﾌﾗｲﾊﾟﾝ用,2,248,189.00,2015/05/20 13:06:34,2015/05/20 13:06:34
120,0111,全日食(バラエティ）,13,100,バラエティー,2,001,スポット商品,08110,00,1040,ｱｰｽ虫ｺﾛﾘｱｰｽ粉剤550ml,ﾑｼｺﾛﾘｱｰｽ,虫ｺﾛﾘ,2,598,470.00,2015/05/20 13:06:05,2015/05/20 13:06:05
120,0111,全日食(バラエティ）,13,100,バラエティー,2,001,スポット商品,05078,03,1040,金鳥の渦巻火蚊取線香10巻,ｶﾄｲrｾﾝｺｳ,蚊取り線香,2,328,246.00,2015/05/20 13:02:44,2015/05/20 13:02:44
36,0030,日本酒販㈱金沢支店,12,090,酒類,2,001,スポット商品,08109,00,911,ｱｻﾋｸﾘｱｱｻﾋ350ml*6缶,ｸﾘｱｱｻﾋ*6,ｸﾘｱｱｻﾋ,2,648,582.00,2015/05/20 13:01:52,2015/05/20 13:01:52
74,0066,明治(アイス),15,060,冷凍食品,24,000,スポット商品(冷凍),01648,11,1672,明治辻利お濃い抹茶7本,ﾒｲｼﾞﾂｼﾞﾘｵｺｲﾏｯﾁｬ7ﾎﾝ,辻利7本,2,368,276.00,2015/05/20 12:59:31,2015/05/20 12:59:31
35,0029,志のぶ商事㈱北陸支店,6,040,デリカ,2,001,スポット商品,08108,00,413,紅鮭ほぐし丼,ﾍﾞﾆｻｹﾎｸﾞｼﾍﾞﾝﾄｳ,紅鮭弁当,2,289,204.00,2015/05/20 12:54:43,2015/05/20 12:54:43
122,0104,全日食(デリカ),6,040,デリカ,2,001,スポット商品,08107,00,473,QPﾂﾌﾞｼﾃｵｲｼｲﾀﾏｺﾞｻﾗﾀﾞ156g,QPﾂﾌﾞｼﾃｵｲｼｲﾀﾏｺﾞｻﾗﾀﾞ156g,ﾀﾏｺﾞｻﾗﾀﾞ,2,198,138.00,2015/05/20 12:53:45,2015/05/20 12:53:45
122,0104,全日食(デリカ),6,040,デリカ,2,001,スポット商品,08106,00,471,一正白身魚野菜ｱﾝｶｹ145g,ｼﾛﾐｻｶﾅﾔｼｱｱﾝｶｹ,白身魚,2,208,148.00,2015/05/20 12:52:13,2015/05/20 12:52:13
112,0107,全日食(ドライ),9,070,ドライ食品,2,001,スポット商品,04648,01,713,永谷園広東風かに玉(2人前,ｶﾆﾀﾏ,かに玉,2,198,158.00,2015/05/20 12:47:54,2015/05/20 12:47:54
111,0105,全日食(和日配）,8,050,ディリー食品,2,001,スポット商品,06510,03,515,増子食べ切り沢庵べったら,ﾀｸｱﾝﾍﾞｯﾀﾗ,べったら,2,108,80.00,2015/05/20 12:46:09,2015/05/20 12:46:09
111,0105,全日食(和日配）,8,050,ディリー食品,2,001,スポット商品,08105,00,518,堀川とうもろこし天4枚,ﾄｳﾓﾛｺｼﾃﾝ,もろこし天,2,198,148.00,2015/05/20 12:44:45,2015/05/20 12:44:45
39,0033,江口青果株式会社,14,010,青果物,2,001,スポット商品,04939,01,113,らっきょう1kg（洗い）,ﾗｯｷｮｳ1kg,らっきょう,2,1280,1000.00,2015/05/20 12:39:09,2015/05/20 12:39:09
39,0033,江口青果株式会社,14,010,青果物,2,001,スポット商品,04939,00,113,らっきょう1kg（洗い）,ﾗｯｷｮｳ1kg,らっきょう,1,1317,900.00,2015/05/20 12:39:09,2015/05/20 12:39:09
39,0033,江口青果株式会社,14,010,青果物,2,001,スポット商品,07296,01,119,ゴーヤ L1本,ｺﾞｰﾔｲｯﾎﾟﾝ,ｺﾞｰﾔ,2,245,180.00,2015/05/20 12:38:34,2015/05/20 12:38:34
39,0033,江口青果株式会社,14,010,青果物,2,001,スポット商品,07296,00,119,ゴーヤ L1本,ｺﾞｰﾔｲｯﾎﾟﾝ,ｺﾞｰﾔ,2,188,140.00,2015/05/20 12:38:34,2015/05/20 12:38:34
39,0033,江口青果株式会社,14,010,青果物,2,001,スポット商品,05794,22,112,おくら100g,ｵｸﾗ100g,おくら,2,135,100.00,2015/05/20 12:37:02,2015/05/20 12:37:02
39,0033,江口青果株式会社,14,010,青果物,2,001,スポット商品,00354,38,112,ﾚﾀｽL 1玉,ﾅｶﾞﾉｹﾝｻﾝﾚﾀｽｼｭｳL1ﾀﾏ,ﾚﾀｽ1玉,2,328,250.00,2015/05/20 12:31:50,2015/05/20 12:31:50
39,0033,江口青果株式会社,14,010,青果物,2,001,スポット商品,00353,42,112,ｷｬﾍﾞﾂ1玉,ｷｬﾍﾞﾂ1玉,ｷｬﾍﾞﾂ1玉,2,398,300.00,2015/05/20 12:26:27,2015/05/20 12:26:27
39,0033,江口青果株式会社,14,010,青果物,2,001,スポット商品,04676,34,112,ｷｬﾍﾞﾂ1/2ｶｯﾄ,ｷｬﾍﾞﾂ1/2ｶｯﾄ,ｷｬﾍﾞﾂ1/2,2,210,150.00,2015/05/20 12:25:59,2015/05/20 12:25:59
39,0033,江口青果株式会社,14,010,青果物,2,001,スポット商品,01632,04,121,US産ｱﾒﾘｶﾝﾁｪﾘｰ200g,ｱﾒﾘｶﾝﾁｪﾘｰ200g,ﾁｪﾘｰ200g,2,468,350.00,2015/05/20 12:23:52,2015/05/20 12:23:52
87,0079,騎寄精肉店,5,020,精肉・加工肉,2,001,スポット商品,03246,02,231,国産若鶏むね肉ぶつ切250g,ｺｸｻﾝﾜｶﾄﾞﾘﾑﾈﾆｸ250g,若鶏胸肉,2,198,148.00,2015/05/20 12:20:24,2015/05/20 12:20:24
87,0079,騎寄精肉店,5,020,精肉・加工肉,2,001,スポット商品,07758,03,221,国産豚ﾛｰｽﾃｷｶﾂ90g*2,ﾃｷｶﾂ90*2,豚ﾛｰｽﾃｷｶﾂ,2,448,324.00,2015/05/20 12:19:51,2015/05/20 12:19:51
87,0079,騎寄精肉店,5,020,精肉・加工肉,2,001,スポット商品,02248,14,211,和牛ﾓﾓﾊﾞﾗ焼肉用200g,ﾜｷﾞｭｳｷﾞｭｳﾓﾓﾊﾞﾗﾔｷﾆｸﾖｳ200g,和牛焼肉,2,1180,900.00,2015/05/20 12:19:16,2015/05/20 12:19:16
87,0079,騎寄精肉店,5,020,精肉・加工肉,2,001,スポット商品,08104,00,211,和牛ﾓﾓﾊﾞﾗ焼肉用100g,ﾜｷﾞｭｳﾓﾓﾊﾞﾗﾔｷﾆｸﾖｳ100g,ﾓﾓﾊﾞﾗ焼,2,600,450.00,2015/05/20 12:18:48,2015/05/20 12:18:48
116,0116,七尾魚市場,2,030,鮮魚・塩干魚,2,001,スポット商品,06526,05,471,西脇赤魚の醤油漬半身2枚,ｱｶｻｶﾅﾉｼｮｳﾕﾂﾞｹﾊﾝﾐ,赤魚醤油漬,2,398,300.00,2015/05/20 12:16:06,2015/05/20 12:16:06
56,0048,竹本商店,2,030,鮮魚・塩干魚,24,000,スポット商品(冷凍),02825,13,1615,まぐろ刺身ｻｸ200g,ﾏｸﾞﾛｻｼﾐｻｸ200g,ﾏｸﾞﾛ刺身,2,789,660.00,2015/05/20 12:15:01,2015/05/20 12:15:01
56,0048,竹本商店,2,030,鮮魚・塩干魚,24,000,スポット商品(冷凍),01277,12,1612,ﾌﾞﾘ切身140g(2～3切),ﾌﾞﾘｷﾘﾐ70g*2ｷﾚ,ﾌﾞﾘ切身,2,358,260.00,2015/05/20 12:14:34,2015/05/20 12:14:34
35,0029,志のぶ商事㈱北陸支店,6,040,デリカ,2,001,スポット商品,02107,09,415,竹勘　ぶり寿司　半月,ﾌﾞﾘｽｼ,ぶり寿司,2,398,334.00,2015/05/20 12:11:33,2015/05/20 12:11:33
35,0029,志のぶ商事㈱北陸支店,6,040,デリカ,2,001,スポット商品,00444,14,415,竹勘ます寿し　半月,ﾏｽｽﾞｼﾊﾝｹﾞﾂ,ﾏｽ寿司(半,2,398,334.00,2015/05/20 12:11:13,2015/05/20 12:11:13
111,0105,全日食(和日配）,8,050,ディリー食品,2,001,スポット商品,06865,05,512,小菱屋 絹豆腐3個ﾊﾟｯｸ,ｷﾇﾄｳﾌ3ｺﾊﾟｯｸ,絹豆腐,2,89,79.00,2015/05/20 12:09:49,2015/05/20 12:09:49
87,0079,騎寄精肉店,5,020,精肉・加工肉,2,001,スポット商品,03549,14,212,国産牛小間肉150g,ｺｸｻﾝｷﾞｭｳｺﾏﾆｸ150g,牛小間,2,438,375.00,2015/05/20 12:07:40,2015/05/20 12:07:40
39,0033,江口青果株式会社,14,010,青果物,2,001,スポット商品,01990,14,121,すいか秀3Ｌ1/8ｶｯﾄ,ｽｲｶ3L1/8ｶｯﾄ,ｽｲｶ1/8,2,378,350.00,2015/05/20 12:05:23,2015/05/20 12:05:23
112,0107,全日食(ドライ),9,070,ドライ食品,2,001,スポット商品,08103,00,721,ｺｼﾋｶﾘ一粒のきらめき5kg,ﾋﾄﾂﾌﾞﾉｷﾗﾒｷ,きらめき,2,1780,1600.00,2015/05/20 12:02:34,2015/05/20 12:02:34
111,0105,全日食(和日配）,8,050,ディリー食品,2,001,スポット商品,03155,13,518,楽陽ﾁﾙﾄﾞｼｭｰﾏｲ12粒（赤箱),ﾗｸﾖｳﾁﾙﾄﾞｼｭｰﾏｲ12ﾂﾌﾞ,ﾁﾙﾄﾞｼｭｰﾏｲ,2,98,80.00,2015/05/20 12:00:30,2015/05/20 12:00:30
87,0079,騎寄精肉店,5,020,精肉・加工肉,2,001,スポット商品,08102,00,221,鶏豚焼肉ｾｯﾄ,ﾄﾘﾌﾞﾀﾔｷﾆｸｾｯﾄ,鶏豚焼肉,2,589,496.00,2015/05/20 12:00:02,2015/05/20 12:00:02
39,0033,江口青果株式会社,14,010,青果物,2,001,スポット商品,02247,17,113,新玉ねぎL3ｺ,ｼﾝﾀﾏﾈｷﾞL3ｺ,玉ねぎL3,2,129,120.00,2015/05/20 11:58:58,2015/05/20 11:58:58
98,0090,クスリのアオキ,15,060,冷凍食品,24,000,スポット商品(冷凍),01655,21,1611,ごっつ旨いお好み焼き294g,ｺﾞｯﾂｳﾏｲｵｺﾉﾐﾔｷ294g,お好み焼き,2,289,220.00,2015/05/19 13:46:32,2015/05/19 13:46:32
111,0105,全日食(和日配）,8,050,ディリー食品,2,001,スポット商品,08101,00,511,日清冷し中華しょうゆ3食,ﾋﾔｼﾁｭｳｶｼｮｳﾕ,冷し中華,2,289,220.00,2015/05/19 13:46:00,2015/05/19 13:46:00
111,0105,全日食(和日配）,8,050,ディリー食品,2,001,スポット商品,08100,00,511,日清冷し中華ごま3食入,ﾋﾔｼﾁｭｳｶ,冷し中華,2,289,220.00,2015/05/19 13:45:27,2015/05/19 13:45:27
149,0142,香里庵,11,080,菓子・パン,2,001,スポット商品,07357,01,814,香里庵)金時草入せんべい,ｷﾝﾄｷｿｳｲﾘｾﾝﾍﾞｲ,金時草煎餅,2,289,200.00,2015/05/19 13:43:38,2015/05/19 13:43:38
149,0142,香里庵,11,080,菓子・パン,2,001,スポット商品,07356,01,814,香里庵)中島菜入せんべい,ﾅｶｼﾞﾏﾅｲﾘｾﾝﾍﾞｲ,中島菜煎餅,2,289,200.00,2015/05/19 13:43:20,2015/05/19 13:43:20
31,0025,㈱ナカヤマエッグ,8,050,ディリー食品,2,001,スポット商品,07077,54,541,白玉たまごLｻｲｽﾞ10個入,ｼﾗﾀﾏﾀﾏｺﾞLｻｲｽﾞ10ｺｲﾘ,白玉L10個,2,189,151.00,2015/05/19 13:42:18,2015/05/19 13:42:18
117,0108,全日食(ﾊﾟﾝ・菓子),11,080,菓子・パン,2,001,スポット商品,03902,14,813,ｶﾙﾋﾞｰﾎﾟﾃﾄﾁｯﾌﾟｽうす塩60g,ｶﾙﾋﾞｰﾎﾟﾃﾄﾁｯﾌﾟｽｳｽｼｵ60g,ﾎﾟﾃﾄﾃｯﾌﾟｽ,2,89,60.00,2015/05/19 13:40:28,2015/05/19 13:40:28
22,0018,敷島製パン　株式会社,11,080,菓子・パン,2,001,スポット商品,00642,10,843,Pつぶｲﾁｺﾞｼﾞｬﾑﾊﾟﾝ,ﾊﾟｽｺﾊﾟﾝﾔﾉﾋﾞｶﾞｸﾂﾌﾞｲﾁｺﾞｼﾞｬ,つぶｲﾁｺﾞ,2,89,69.30,2015/05/19 13:39:39,2015/05/19 13:39:39
112,0107,全日食(ドライ),9,070,ドライ食品,2,001,スポット商品,08099,00,743,大塚ﾎﾟｶﾘｽｴｯﾄ340ml缶,ﾎﾟｶﾘｽｴｯﾄ340ｶﾝ,ﾎﾟｶﾘ缶,2,89,75.00,2015/05/19 13:39:10,2015/05/19 13:39:10
112,0107,全日食(ドライ),9,070,ドライ食品,2,001,スポット商品,05997,04,743,ｻﾝﾄﾘｰCCﾚﾓﾝ500ml,CCﾚﾓﾝ500ml,CCﾚﾓﾝ500,2,89,75.00,2015/05/19 13:37:46,2015/05/19 13:37:46
112,0107,全日食(ドライ),9,070,ドライ食品,2,001,スポット商品,08098,00,712,どん兵衛天そばﾐﾆ46g,ﾄﾞﾝﾍﾞｲﾃﾝｿﾊﾞﾐﾆ,天ｿﾊﾞﾐﾆ,2,89,74.00,2015/05/19 13:36:51,2015/05/19 13:36:51
112,0107,全日食(ドライ),9,070,ドライ食品,2,001,スポット商品,08097,00,712,ｴｰｽｺｯｸﾜｶﾒｺﾞﾏｼｮｳﾕﾐﾆ38g,ｴｰｽｺｯｸﾜｶﾒｺﾞﾏｼｮｳﾕﾐﾆ38g,ﾜｶﾒﾐﾆ,2,89,74.00,2015/05/19 13:35:22,2015/05/19 13:35:22
2,0002,明治乳業㈱　北陸事業所,8,050,ディリー食品,2,001,スポット商品,00506,14,576,明)午後ｸﾂﾛｷﾞｶﾌｪｾﾞﾘｰ3P,ｺﾞｺﾞﾉｸﾂﾛｷﾞｶﾌｪｾﾘｰ3p,ｶﾌｪｾﾞﾘｰ3,2,89,58.50,2015/05/19 13:31:20,2015/05/19 13:31:20
1,0001,森永乳業,8,050,ディリー食品,2,001,スポット商品,05404,01,574,Mｺｰﾗｽｳｫｰﾀｰ900ml,ｺｰﾗｽｳｫｰﾀｰ,ｺｰﾗｽ900ml,2,89,56.00,2015/05/19 13:30:22,2015/05/19 13:30:22
111,0105,全日食(和日配）,8,050,ディリー食品,2,001,スポット商品,08096,00,512,ｱｻﾀﾞ厚揚げ袋ﾀｲﾌﾟ230g,ｱﾂｱｹﾞ,厚揚げ,2,89,65.00,2015/05/19 13:29:03,2015/05/19 13:29:03
111,0105,全日食(和日配）,8,050,ディリー食品,2,001,スポット商品,07274,04,513,ﾀｶﾉ旨味ひきわりﾐﾆ3 45g*3,ﾀｶﾉｳﾏﾐﾋｷﾜﾘﾐﾆ3,ひきわり3,2,89,67.00,2015/05/19 13:27:34,2015/05/19 13:27:34
111,0105,全日食(和日配）,8,050,ディリー食品,2,001,スポット商品,04633,03,518,ふじや玉子とうふ65g3P,ﾀﾏｺﾞﾄｳﾌ3P,卵とうふ3P,2,89,65.00,2015/05/19 13:27:13,2015/05/19 13:27:13
111,0105,全日食(和日配）,8,050,ディリー食品,2,001,スポット商品,04633,02,518,ふじや玉子とうふ65g3P,ﾀﾏｺﾞﾄｳﾌ3P,卵とうふ3P,2,100,68.00,2015/05/19 13:27:13,2015/05/19 13:27:13
111,0105,全日食(和日配）,8,050,ディリー食品,2,001,スポット商品,04633,01,518,ふじや玉子とうふ65g3P,ﾀﾏｺﾞﾄｳﾌ3P,卵とうふ3P,2,90,68.00,2015/05/19 13:27:13,2015/05/19 13:27:13
111,0105,全日食(和日配）,8,050,ディリー食品,2,001,スポット商品,04633,00,518,ふじや玉子とうふ65g3P,ﾀﾏｺﾞﾄｳﾌ3P,卵とうふ3P,1,124,85.00,2015/05/19 13:27:13,2015/05/19 13:27:13
111,0105,全日食(和日配）,8,050,ディリー食品,2,001,スポット商品,07059,04,514,森ｺﾝﾄｺﾛ天ﾉﾄﾞｺﾞｼ三杯酢150,ﾄｺﾛﾃﾝｻﾝﾊﾞｲｽﾞ,三杯酢,2,89,67.00,2015/05/19 13:25:51,2015/05/19 13:25:51
111,0105,全日食(和日配）,8,050,ディリー食品,2,001,スポット商品,07059,03,514,森ｺﾝﾄｺﾛ天ﾉﾄﾞｺﾞｼ三杯酢150,ﾄｺﾛﾃﾝｻﾝﾊﾞｲｽﾞ,三杯酢,2,75,67.00,2015/05/19 13:25:51,2015/05/19 13:25:51
111,0105,全日食(和日配）,8,050,ディリー食品,2,001,スポット商品,07059,02,514,森ｺﾝﾄｺﾛ天ﾉﾄﾞｺﾞｼ三杯酢150,ﾄｺﾛﾃﾝｻﾝﾊﾞｲｽﾞ,三杯酢,2,92,67.00,2015/05/19 13:25:51,2015/05/19 13:25:51
111,0105,全日食(和日配）,8,050,ディリー食品,2,001,スポット商品,07059,01,514,森ｺﾝﾄｺﾛ天ﾉﾄﾞｺﾞｼ三杯酢150,ﾄｺﾛﾃﾝｻﾝﾊﾞｲｽﾞ,三杯酢,2,84,67.00,2015/05/19 13:25:51,2015/05/19 13:25:51
111,0105,全日食(和日配）,8,050,ディリー食品,2,001,スポット商品,07059,00,514,森ｺﾝﾄｺﾛ天ﾉﾄﾞｺﾞｼ三杯酢150,ﾄｺﾛﾃﾝｻﾝﾊﾞｲｽﾞ,三杯酢,2,96,67.00,2015/05/19 13:25:50,2015/05/19 13:25:50
35,0029,志のぶ商事㈱北陸支店,6,040,デリカ,2,001,スポット商品,00454,08,402,ｺﾛｯｹｻﾝﾄﾞ,ｼﾉﾌﾞｺﾛｯｹｻﾝﾄﾞ,ｺﾛｯｹｻﾝﾄﾞ,2,89,78.20,2015/05/19 13:24:21,2015/05/19 13:24:21
39,0033,江口青果株式会社,14,010,青果物,2,001,スポット商品,03675,26,121,ｷｳｲﾌﾙｰﾂ大玉1個,ｷｳｲﾌﾙｰﾂｵｵﾀﾞﾏ1ｺ,ｷｳｲ,2,89,80.00,2015/05/19 13:21:44,2015/05/19 13:21:44
39,0033,江口青果株式会社,14,010,青果物,2,001,スポット商品,00358,52,112,にら1袋,ｺｳﾁｹﾝｻﾝﾆﾗ50ｇ,にら,2,89,80.00,2015/05/19 13:21:13,2015/05/19 13:21:13
39,0033,江口青果株式会社,14,010,青果物,2,001,スポット商品,01337,42,114,なめこ100g,ﾅﾒｺ,なめこ100g,2,89,70.00,2015/05/19 13:20:38,2015/05/19 13:20:38
31,0025,㈱ナカヤマエッグ,8,050,ディリー食品,2,001,スポット商品,07077,53,541,白玉たまごLｻｲｽﾞ10個入,ｼﾗﾀﾏﾀﾏｺﾞLｻｲｽﾞ10ｺｲﾘ,白玉L10個,2,218,151.00,2015/05/19 11:57:09,2015/05/19 11:57:09
1,0001,森永乳業,1,990,定期配送商品,3,002,定期配送商品,00004,04,18,Mカラダ強くするＹ(0円),ｵﾅｶ,○からだY,2,0,0.00,2015/05/19 9:38:05,2015/05/19 9:38:05
1,0001,森永乳業,1,990,定期配送商品,3,002,定期配送商品,00025,04,16,M絹ごし豆腐290ｇ(0円),ｷﾇｺﾞｼ,○絹ごし,2,0,0.00,2015/05/19 9:37:39,2015/05/19 9:37:39
1,0001,森永乳業,1,990,定期配送商品,3,002,定期配送商品,00015,04,14,M緑茶習慣125ｍｌ（0円),ｹﾝｾﾞﾝ,○緑茶,2,0,0.00,2015/05/19 9:37:30,2015/05/19 9:37:30
1,0001,森永乳業,1,990,定期配送商品,3,002,定期配送商品,00014,04,13,M調整豆乳200ｍｌ(0円),ﾁｮｳｾｲﾄｳﾆｭｳ,○調整豆乳,2,0,0.00,2015/05/19 9:37:20,2015/05/19 9:37:20
1,0001,森永乳業,1,990,定期配送商品,3,002,定期配送商品,00012,04,12,M毎朝爽快125ｍｌ（0円）,ﾏｲｱｻｿｳｶｲ,○毎朝爽快,2,0,0.00,2015/05/19 9:37:13,2015/05/19 9:37:13
1,0001,森永乳業,1,990,定期配送商品,3,002,定期配送商品,00010,04,11,MQ10美人125ｍｌ（0円）,ｷｭｳﾃﾝﾋﾞｼﾞﾝ,○Q10美人,2,0,0.00,2015/05/19 9:37:05,2015/05/19 9:37:05
1,0001,森永乳業,1,990,定期配送商品,3,002,定期配送商品,00006,04,10,M充実野菜125ｍｌ（0円),ｼﾞ,○充実野菜,2,0,0.00,2015/05/19 9:36:59,2015/05/19 9:36:59
1,0001,森永乳業,1,990,定期配送商品,3,002,定期配送商品,00003,04,9,Mもろみ黒酢 125ml（0円）,ﾓﾛ,○もろみ,2,0,0.00,2015/05/19 9:36:39,2015/05/19 9:36:39
1,0001,森永乳業,1,990,定期配送商品,3,002,定期配送商品,00011,04,8,Mｸﾞﾙｺｻﾐﾝ･ｺﾝﾄﾞﾛｲﾁﾝ(0円),ﾗｸﾗｸｻﾎﾟｰﾄ,○ｸﾞﾙｺｻﾐﾝ,2,0,0.00,2015/05/19 9:36:32,2015/05/19 9:36:32
1,0001,森永乳業,1,990,定期配送商品,3,002,定期配送商品,00005,04,8,Mのむﾖｰｸﾞﾙﾄ110g（0円）,ｶﾗﾀﾞﾂﾖｸｽﾙﾉﾑY,○ｶﾗﾀﾞ飲む,2,0,0.00,2015/05/19 9:36:19,2015/05/19 9:36:19
1,0001,森永乳業,1,990,定期配送商品,3,002,定期配送商品,00017,04,6,Mうるおうｸﾞﾙｺｻﾐﾝ（0円),ｳﾙｵｳｸﾞﾙｺｻﾐﾝ,○うるおう,2,0,0.00,2015/05/19 9:36:06,2015/05/19 9:36:06
1,0001,森永乳業,1,990,定期配送商品,3,002,定期配送商品,00016,04,6,Mﾌﾟﾚﾐｱﾑﾐﾙｸ125ml（0円）,ﾌﾟﾚﾐｱﾑﾐﾙｸ125,○ﾌﾟﾚﾐｱﾑ,2,0,0.00,2015/05/19 9:34:52,2015/05/19 9:34:52
1,0001,森永乳業,1,990,定期配送商品,3,002,定期配送商品,00009,04,6,Mｴｰｽﾐﾙｸ 180ml（0円）,エース,○ｴｰｽ,2,0,0.00,2015/05/19 9:34:38,2015/05/19 9:34:38
1,0001,森永乳業,1,990,定期配送商品,3,002,定期配送商品,00013,04,5,Mﾏﾐｰ180ｍｌ（0円）,ﾏﾐｰ,○ﾏﾐｰ,2,0,0.00,2015/05/19 9:34:28,2015/05/19 9:34:28
1,0001,森永乳業,1,990,定期配送商品,3,002,定期配送商品,00008,04,4,Mｺｰﾋｰ 180ml（0円）,ｺｰﾋｰ,○ｺｰﾋｰ,2,0,0.00,2015/05/19 9:34:21,2015/05/19 9:34:21
1,0001,森永乳業,1,990,定期配送商品,3,002,定期配送商品,00007,04,3,M牛乳180ml（0円）,Mｷﾞｭｳﾆｭｳ180ml,○市乳,2,0,0.00,2015/05/19 9:34:08,2015/05/19 9:34:08
1,0001,森永乳業,1,990,定期配送商品,3,002,定期配送商品,00002,04,2,Mｶﾙﾀﾞｽ 180ml(0円),カル,○ｶﾙﾀﾞｽ,2,0,0.00,2015/05/19 9:33:59,2015/05/19 9:33:59
1,0001,森永乳業,1,990,定期配送商品,3,002,定期配送商品,00001,04,1,Mﾗｸﾄﾌｪﾘﾝfe180ml(0円),ラク,○ﾗｸﾄﾌｪﾘﾝ,2,0,0.00,2015/05/19 9:33:32,2015/05/19 9:33:32
27,0021,㈱グリーンネット,14,010,青果物,2,001,スポット商品,08030,00,112,ちんげん菜1株,ﾁﾝｹﾞﾝｻｲ,ちんげん菜,2,75,55.00,2015/05/19 8:56:50,2015/05/19 8:56:50
4,0004,カゴメ株式会社　金沢支店,8,050,ディリー食品,2,001,スポット商品,08029,00,573,野菜生活(ｵﾘｼﾞﾅﾙ)200ml*12,ﾔｻｲｾｲｶﾂ*12,野菜生活,2,888,804.00,2015/05/19 8:56:37,2015/05/19 8:56:37
11,0011,ジョイエム,28,001,その他,2,001,スポット商品,99065,00,9999,JM薔薇柄ｼｮﾙﾀﾞｰﾊﾞｯｸﾞ,ｼｮﾙﾀﾞｰﾊﾞｯｸﾞ,ｼｮﾙﾀﾞｰﾊﾞｯｸ,2,1480,1110.00,2015/05/18 14:45:24,2015/05/18 14:45:24
39,0033,江口青果株式会社,14,010,青果物,2,001,スポット商品,07881,07,112,春ｷｬﾍﾞﾂ1玉,ﾊﾙｷｬﾍﾞﾂ,春ｷｬﾍﾞﾂ,2,313,250.00,2015/05/18 13:14:51,2015/05/18 13:14:51
39,0033,江口青果株式会社,14,010,青果物,2,001,スポット商品,00353,41,112,ｷｬﾍﾞﾂ1玉,ｷｬﾍﾞﾂ1玉,ｷｬﾍﾞﾂ1玉,2,328,250.00,2015/05/18 12:40:48,2015/05/18 12:40:48
39,0033,江口青果株式会社,14,010,青果物,2,001,スポット商品,00353,40,112,ｷｬﾍﾞﾂ1玉,ｷｬﾍﾞﾂ1玉,ｷｬﾍﾞﾂ1玉ｷｬ,2,268,200.00,2015/05/18 12:40:47,2015/05/18 12:40:47
120,0111,全日食(バラエティ）,13,100,バラエティー,2,001,スポット商品,07012,02,1060,ぺんてるｻｲﾝﾍﾟﾝ黒1本,ｻｲﾝﾍﾟﾝ,ｻｲﾝﾍﾟﾝ,2,90,62.00,2015/05/16 15:01:08,2015/05/16 15:01:08
120,0111,全日食(バラエティ）,13,100,バラエティー,2,001,スポット商品,04772,03,1060,ｾﾞﾌﾞﾗ　ｼﾞﾑﾉｯｸﾎﾞｰﾙﾍﾟﾝ1本,ｾﾞﾌﾞﾗｼﾞﾑﾉｯｸﾎﾞﾙﾍﾟﾝ1ﾎﾝ,ﾎﾞｰﾙﾍﾟﾝ,2,88,60.00,2015/05/16 15:00:27,2015/05/16 15:00:27
120,0111,全日食(バラエティ）,13,100,バラエティー,2,001,スポット商品,04851,05,1060,ｾﾞﾌﾞﾗ ﾊｲﾏｯｷｰ黒1本,ﾊｲﾏｯｷｰ,ﾊｲﾏｯｷｰ,2,133,92.00,2015/05/16 14:59:47,2015/05/16 14:59:47
120,0111,全日食(バラエティ）,13,100,バラエティー,2,001,スポット商品,06022,02,1030,ｴﾘｴｰﾙ吸収ｷｯﾁﾝﾀｵﾙ70ｶｯﾄ2R,ｷｭｳｼｭｳｷｯﾁﾝﾀｵﾙ,ｷｯﾁﾝﾀｵﾙ,1,133,95.00,2015/05/16 14:58:05,2015/05/16 14:58:05
120,0111,全日食(バラエティ）,13,100,バラエティー,2,001,スポット商品,04146,19,1051,ｴﾘｴｰﾙﾃｨｼｭｰｷｭｰﾄ5P,ｴﾘｴｰﾙﾃｨｼｭｰｷｭｰﾄ5P,ﾃｨｼｭ,2,298,229.00,2015/05/16 14:55:46,2015/05/16 14:55:46
120,0111,全日食(バラエティ）,13,100,バラエティー,2,001,スポット商品,04761,07,1051,大王ｴﾘｴｰﾙﾃｨｼｭｰｷｭｰﾄ1箱,ｴﾘｴｰﾙﾃｨｼｭｰｷｭｰﾄ,ﾃｨｼｭｰ,2,70,45.80,2015/05/16 14:55:03,2015/05/16 14:55:03
120,0111,全日食(バラエティ）,13,100,バラエティー,2,001,スポット商品,04145,14,1051,ｴﾘｴｰﾙ12ﾛｰﾙﾀﾞﾌﾞﾙ,ｴﾘｴｰﾙ12ﾛｰﾙ,ｴﾘｴｰﾙ,2,498,372.00,2015/05/16 14:51:01,2015/05/16 14:51:01
120,0111,全日食(バラエティ）,13,100,バラエティー,2,001,スポット商品,04144,12,1051,ｴﾘｴｰﾙ12ﾛｰﾙｼﾝｸﾞﾙ,ｴﾘｴｰﾙ12ﾛｰﾙｼﾝｸﾞﾙ*12,ｴﾘｴｰﾙ,2,498,372.00,2015/05/16 14:50:21,2015/05/16 14:50:21
120,0111,全日食(バラエティ）,13,100,バラエティー,2,001,スポット商品,04442,06,1042,ｼﾏﾀﾞお墓参りｾｯﾄ,ｵﾊｶﾏｲﾘｾｯﾄ,お墓参ｾｯﾄ,2,215,153.00,2015/05/16 14:44:09,2015/05/16 14:44:09
120,0111,全日食(バラエティ）,13,100,バラエティー,2,001,スポット商品,05324,03,1041,小林ﾄｲﾚ消臭元ﾗﾍﾞﾝﾀﾞｰ400m,ｼｮｳｼｭｳｹﾞﾝﾗﾍﾞﾝﾀﾞｰ,消臭元,2,338,240.00,2015/05/16 12:59:36,2015/05/16 12:59:36
120,0111,全日食(バラエティ）,13,100,バラエティー,2,001,スポット商品,04132,06,1040,ﾌﾞﾙｰﾚｯﾄおくだけﾌﾞｰｹ詰替,ﾌﾞﾙｰﾚｯﾄｵｸﾀﾞｴﾌﾞｰｹ25g,ﾌﾞﾙｰﾚﾄ,2,248,181.00,2015/05/16 12:58:48,2015/05/16 12:58:48
120,0111,全日食(バラエティ）,13,100,バラエティー,2,001,スポット商品,05356,02,1030,三菱ｱﾙﾐﾎｲﾙ25㌢×8㍍,ｱﾙﾐﾎｲﾙ,ｱﾙﾐﾎｲﾙ,2,95,56.00,2015/05/16 12:46:41,2015/05/16 12:46:41
120,0111,全日食(バラエティ）,13,100,バラエティー,2,001,スポット商品,04110,05,1023,ｼﾞｮﾝｿﾝ）ｶﾋﾞｷﾗｰ替え400g,ｶﾋﾞｷﾗｰ,ｶﾋﾞｷﾗｰ,2,308,222.00,2015/05/16 12:44:30,2015/05/16 12:44:30
120,0111,全日食(バラエティ）,13,100,バラエティー,2,001,スポット商品,04113,04,1123,ｻﾝﾎﾟｰﾙ小500ml,ｻﾝﾎﾟｰﾙｼｮｳ500ml,ｻﾝﾎﾟｰﾙ,2,188,135.00,2015/05/16 12:43:21,2015/05/16 12:43:21
120,0111,全日食(バラエティ）,13,100,バラエティー,2,001,スポット商品,06893,02,1030,ｼﾞｮﾝｿﾝ ﾊﾟｲﾌﾟﾕﾆｯｼｭ800g,ﾊﾟｲﾌﾟﾕﾆｯｼｭ,ﾊﾟｲﾌﾟ,2,368,265.00,2015/05/16 12:41:54,2015/05/16 12:41:54
120,0111,全日食(バラエティ）,13,100,バラエティー,2,001,スポット商品,06101,01,1022,ﾕﾆﾘｰﾊﾞ ﾄﾞﾒｽﾄ500ml,ﾕﾆﾘｰﾊﾞ ﾄﾞﾒｽﾄ500ml,ﾄﾞﾒｽﾄ,2,258,190.00,2015/05/16 12:41:06,2015/05/16 12:41:06
120,0111,全日食(バラエティ）,13,100,バラエティー,2,001,スポット商品,04106,04,1022,除菌ｼﾞｮｲｺﾝﾊﾟｸﾄ詰替315ml,ｼﾞｮｷﾝｼﾞｮｲｺﾝﾊﾟｸﾄﾂﾒｶｴ,ｼﾞｮｲ詰替,2,258,189.00,2015/05/16 12:35:36,2015/05/16 12:35:36
120,0111,全日食(バラエティ）,13,100,バラエティー,2,001,スポット商品,04105,04,1022,除菌ｼﾞｮｲｺﾝﾊﾟｸﾄ本体200ml,ｼﾞｮｷﾝｼﾞｮｲｺﾝﾊﾟｸﾄ200ml,除菌ｼﾞｮｲ,2,178,129.00,2015/05/16 12:34:42,2015/05/16 12:34:42
120,0111,全日食(バラエティ）,13,100,バラエティー,2,001,スポット商品,04101,04,1021,ﾗｲｵﾝ ﾄｯﾌﾟﾅﾉｯｸｽ本体450g,ﾄｯﾌﾟﾅﾉｯｸｽﾎﾝﾀｲ,ﾅﾉｯｸｽ,2,378,269.00,2015/05/16 12:31:14,2015/05/16 12:31:14
120,0111,全日食(バラエティ）,13,100,バラエティー,2,001,スポット商品,03212,02,1019,ｷﾚｲｷﾚｲ薬ﾊﾝﾄﾞｿｰﾌﾟ本体250m,ｷﾚｲｷﾚｲﾔｸﾖｳﾊﾝﾄﾞｿｰﾌﾟﾎﾝﾀｲ,ｷﾚｲｷﾚｲ,2,388,282.00,2015/05/16 12:20:17,2015/05/16 12:20:17
120,0111,全日食(バラエティ）,13,100,バラエティー,2,001,スポット商品,03456,06,1019,ｷﾚｲｷﾚｲ薬ﾊﾝﾄﾞｿｰﾌﾟ替200ml,ｷﾚｲｷﾚｲﾊﾝﾄﾞｿｰﾌﾟｶｴ,ﾊﾝﾄﾞｿｰﾌﾟ,2,318,225.00,2015/05/16 12:13:09,2015/05/16 12:13:09
39,0033,江口青果株式会社,14,010,青果物,2,001,スポット商品,07913,04,121,ふじ秀中玉1個,ﾌｼﾞﾁｭｳﾀﾞﾏ1ｺ,ふじ中玉,2,156,125.00,2015/05/16 12:12:32,2015/05/16 12:12:32
39,0033,江口青果株式会社,14,010,青果物,2,001,スポット商品,01106,36,111,中なす5本,ｸﾞﾝﾏﾎｶﾅｶﾅｽ5ﾎﾝ,中なす5本,2,250,200.00,2015/05/16 12:11:41,2015/05/16 12:11:41
35,0029,志のぶ商事㈱北陸支店,6,040,デリカ,2,001,スポット商品,07180,04,413,志)鮭幕の内弁当,ｼﾉﾌﾞｻｹﾏｸﾉｳﾁﾍﾞﾝﾄｳ,鮭幕の内,2,306,193.00,2015/05/16 11:32:57,2015/05/16 11:32:57
133,0126,amazon,13,100,バラエティー,2,001,スポット商品,06763,02,1040,片手鍋,ｶﾀﾃﾅﾍﾞ,片手鍋,2,2800,1582.41,2015/05/15 17:38:30,2015/05/15 17:38:30
39,0033,江口青果株式会社,14,010,青果物,2,001,スポット商品,00325,58,112,小松菜1束,ｺﾏﾂﾅ1ﾀﾊﾞ,小松菜1束,2,138,110.00,2015/05/15 13:15:56,2015/05/15 13:15:56
98,0090,クスリのアオキ,9,070,ドライ食品,2,001,スポット商品,08095,00,731,ﾐﾂｶﾝほんてり1L,ﾐﾂｶﾝﾎﾝﾃﾘ1L,ほんてり1L,2,0,0.00,2015/05/14 15:39:15,2015/05/14 15:39:15
45,0038,ﾓﾝﾃｰﾙ,8,050,ディリー食品,2,001,スポット商品,03438,02,577,6P牛乳と卵の手巻ﾛｰﾙ･ﾐﾙｸ,6Pｷﾞｭｳﾆｭｳﾄﾀﾏｺﾞﾉﾃﾏｷﾛｰﾙ,6Pﾛｰﾙ,2,360,214.00,2015/05/14 15:10:30,2015/05/14 15:10:30
43,0036,ロピア,8,050,ディリー食品,2,001,スポット商品,06829,04,577,ﾌﾟﾁ ﾌﾙｰﾂﾌﾟﾘﾝ1個,ﾌﾟﾁﾌﾙｰﾂﾌﾟﾘﾝ,ﾌﾙｰﾂﾌﾟﾘﾝ,2,130,75.00,2015/05/14 15:07:48,2015/05/14 15:07:48
1,0001,森永乳業,8,050,ディリー食品,2,001,スポット商品,00829,13,576,M牛乳ﾌﾟﾘﾝ130g,ｷﾞｭｳﾆｭｳﾌﾟﾘﾝ130g,牛乳ﾌﾟﾘﾝ,2,95,57.00,2015/05/14 15:06:40,2015/05/14 15:06:40
2,0002,明治乳業㈱　北陸事業所,8,050,ディリー食品,2,001,スポット商品,00508,14,576,明)明治ﾌﾟﾘﾝ70ｇ*3連,ﾒｲｼﾞﾌﾟﾘﾝ70*3,明治ﾌﾟﾘﾝ3P,2,96,62.00,2015/05/14 15:05:06,2015/05/14 15:05:06
124,0106,全日食(洋日配),8,050,ディリー食品,2,001,スポット商品,03723,02,575,ﾔｸﾙﾄ ﾔｸﾙﾄ65ml*5,ﾔｸﾙﾄ ﾔｸﾙﾄ65ml*5,ﾔｸﾙﾄ,2,200,150.00,2015/05/14 15:00:30,2015/05/14 15:00:30
124,0106,全日食(洋日配),8,050,ディリー食品,2,001,スポット商品,04462,11,575,牧場の朝ﾖｰｸﾞﾙﾄ生乳仕立3P,ﾏｷﾊﾞﾉｱｻYｾｲﾆｭｳｼﾀﾞﾃ,牧場の朝,2,123,75.00,2015/05/14 15:00:01,2015/05/14 15:00:01
3,0003,グリコ乳業（株）,8,050,ディリー食品,2,001,スポット商品,07663,01,575,朝食BifixのむＹ脂肪0250g,ﾉﾑﾋﾞﾌｨｯｸｽｼﾎﾞｳ0,脂肪0,2,96,60.00,2015/05/14 14:56:02,2015/05/14 14:56:02
124,0106,全日食(洋日配),8,050,ディリー食品,2,001,スポット商品,06697,08,575,ｿﾔﾌｧｰﾑ豆乳で作ったﾖｰｸﾞﾙﾄ,ﾄｳﾆｭｳﾖｰｸﾞﾙﾄ,豆乳ﾖｰｸﾞﾙ,2,96,68.00,2015/05/14 14:55:19,2015/05/14 14:55:19
1,0001,森永乳業,8,050,ディリー食品,2,001,スポット商品,00500,10,575,MﾋﾞﾋﾀﾞｽY400g,ﾓﾘﾅｶﾞﾋﾞﾋﾀﾞｽﾖｰｸﾞﾙﾄ450g,ﾋﾞﾋﾀﾞｽ450g,2,128,116.00,2015/05/14 14:54:00,2015/05/14 14:54:00
1,0001,森永乳業,8,050,ディリー食品,2,001,スポット商品,00500,09,575,MﾋﾞﾋﾀﾞｽY400g,ﾓﾘﾅｶﾞﾋﾞﾋﾀﾞｽﾖｰｸﾞﾙﾄ450g,ﾋﾞﾋﾀﾞｽ450g,2,158,111.00,2015/05/14 14:54:00,2015/05/14 14:54:00
1,0001,森永乳業,8,050,ディリー食品,2,001,スポット商品,00500,08,575,MﾋﾞﾋﾀﾞｽY400g,ﾓﾘﾅｶﾞﾋﾞﾋﾀﾞｽﾖｰｸﾞﾙﾄ450g,ﾋﾞﾋﾀﾞｽ450g,2,176,116.00,2015/05/14 14:53:59,2015/05/14 14:53:59
1,0001,森永乳業,8,050,ディリー食品,2,001,スポット商品,00500,07,575,MﾋﾞﾋﾀﾞｽY400g,ﾓﾘﾅｶﾞﾋﾞﾋﾀﾞｽﾖｰｸﾞﾙﾄ450g,ﾋﾞﾋﾀﾞｽ450g,2,180,116.00,2015/05/14 14:53:59,2015/05/14 14:53:59
1,0001,森永乳業,8,050,ディリー食品,2,001,スポット商品,00500,06,575,MﾋﾞﾋﾀﾞｽY400g,ﾓﾘﾅｶﾞﾋﾞﾋﾀﾞｽﾖｰｸﾞﾙﾄ450g,ﾋﾞﾋﾀﾞｽ450g,1,172,116.00,2015/05/14 14:53:59,2015/05/14 14:53:59
1,0001,森永乳業,8,050,ディリー食品,2,001,スポット商品,00500,05,575,MﾋﾞﾋﾀﾞｽY400g,ﾓﾘﾅｶﾞﾋﾞﾋﾀﾞｽﾖｰｸﾞﾙﾄ450g,ﾋﾞﾋﾀﾞｽ450g,1,190,116.00,2015/05/14 14:53:59,2015/05/14 14:53:59
1,0001,森永乳業,8,050,ディリー食品,2,001,スポット商品,00500,04,575,MﾋﾞﾋﾀﾞｽY400g,ﾓﾘﾅｶﾞﾋﾞﾋﾀﾞｽﾖｰｸﾞﾙﾄ450g,ﾋﾞﾋﾀﾞｽ450g,1,163,111.00,2015/05/14 14:53:59,2015/05/14 14:53:59
1,0001,森永乳業,8,050,ディリー食品,2,001,スポット商品,00500,03,575,MﾋﾞﾋﾀﾞｽY400g,ﾓﾘﾅｶﾞﾋﾞﾋﾀﾞｽﾖｰｸﾞﾙﾄ450g,ﾋﾞﾋﾀﾞｽ450g,1,142,81.00,2015/05/14 14:53:59,2015/05/14 14:53:59
1,0001,森永乳業,8,050,ディリー食品,2,001,スポット商品,00500,02,575,MﾋﾞﾋﾀﾞｽY400g,ﾓﾘﾅｶﾞﾋﾞﾋﾀﾞｽﾖｰｸﾞﾙﾄ450g,ﾋﾞﾋﾀﾞｽ450g,1,172,111.00,2015/05/14 14:53:59,2015/05/14 14:53:59
1,0001,森永乳業,8,050,ディリー食品,2,001,スポット商品,00500,01,575,MﾋﾞﾋﾀﾞｽY400g,ﾓﾘﾅｶﾞﾋﾞﾋﾀﾞｽﾖｰｸﾞﾙﾄ450g,ﾋﾞﾋﾀﾞｽ450g,1,152,111.00,2015/05/14 14:53:59,2015/05/14 14:53:59
1,0001,森永乳業,8,050,ディリー食品,2,001,スポット商品,00500,00,575,MﾋﾞﾋﾀﾞｽY400g,ﾓﾘﾅｶﾞﾋﾞﾋﾀﾞｽﾖｰｸﾞﾙﾄ450g,ﾋﾞﾋﾀﾞｽ450g,1,194,111.00,2015/05/14 14:53:58,2015/05/14 14:53:58
4,0004,カゴメ株式会社　金沢支店,8,050,ディリー食品,2,001,スポット商品,00502,09,573,ｶ)野菜一日これ一本200ml,ｶｺﾞﾒﾔｻｲｾｲｶﾂｲﾁﾆﾁｺﾚｲｯﾎﾟﾝ,野菜一日,2,95,67.00,2015/05/14 14:51:52,2015/05/14 14:51:52
124,0106,全日食(洋日配),8,050,ディリー食品,2,001,スポット商品,01753,05,573,ｶ）野菜一日これ一杯1㍑,ｶｺﾞﾒﾔｻｲｲﾁﾆﾁｺﾚｲｯﾊﾟｲ1ﾘｯﾄﾙ,野菜一杯,2,288,204.00,2015/05/14 14:45:43,2015/05/14 14:45:43
3,0003,グリコ乳業（株）,8,050,ディリー食品,2,001,スポット商品,01765,07,603,GおいしいｺｰﾋｰﾐﾙｸLL200ml,GｵｲｼｲｺｰﾋｰﾐﾙｸLL200ml,ｺｰﾋｰﾐﾙｸ,2,100,43.00,2015/05/14 14:44:40,2015/05/14 14:44:40
124,0106,全日食(洋日配),8,050,ディリー食品,2,001,スポット商品,05027,12,572,雪印ｺｰﾋｰ1000ml,ﾕｷｼﾞﾙｼｺｰﾋｰ1000ml,雪印ｺｰﾋｰ,2,136,95.00,2015/05/14 14:42:35,2015/05/14 14:42:35
124,0106,全日食(洋日配),8,050,ディリー食品,2,001,スポット商品,08094,00,579,雪)ﾌﾚｯｼｭ北海道生ｸﾘｰﾑ200m,ﾅﾏｸﾘｰﾑ,生ｸﾘｰﾑ,2,368,257.00,2015/05/14 14:41:45,2015/05/14 14:41:45
124,0106,全日食(洋日配),8,050,ディリー食品,2,001,スポット商品,08093,00,579,雪印ﾎｲｯﾌﾟ植物性脂肪200ml,ﾎｲｯﾌﾟ,ﾎｲｯﾌﾟ,2,138,95.00,2015/05/14 14:40:33,2015/05/14 14:40:33
124,0106,全日食(洋日配),8,050,ディリー食品,2,001,スポット商品,07921,01,578,雪印ｶｯﾃｰｼﾞﾁｰｽﾞ100g,ｶｯﾃｰｿﾞﾁｰｽﾞ,ｶｯﾃｰｼﾞﾁｰｽﾞ,2,248,174.00,2015/05/14 14:37:23,2015/05/14 14:37:23
124,0106,全日食(洋日配),8,050,ディリー食品,2,001,スポット商品,05262,03,578,六甲ｱｰﾓﾝﾄﾞﾍﾞﾋﾞｰﾁｰｽﾞ15g*4,ﾛｯｺｳｱｰﾓﾝﾄﾞﾍﾞﾋﾞｰﾁｰｽﾞ,ﾍﾞﾋﾞｰﾁｰｽﾞ,2,138,99.00,2015/05/14 14:36:59,2015/05/14 14:36:59
124,0106,全日食(洋日配),8,050,ディリー食品,2,001,スポット商品,03857,10,578,六甲QBBﾍﾞﾋﾞｰﾁｰｽﾞ4個,QBBﾍﾞﾋﾞｰﾁｰｽﾞ4ｺ,ﾍﾞﾋﾞｰﾁｰｽﾞ,2,138,96.00,2015/05/14 14:36:27,2015/05/14 14:36:27
124,0106,全日食(洋日配),8,050,ディリー食品,2,001,スポット商品,03057,06,578,雪印6Pﾁｰｽﾞ108g,ﾕｷｼﾞﾙｼ6pﾁｰｽﾞ,雪印6Pﾁｰｽﾞ,2,268,183.00,2015/05/14 14:36:00,2015/05/14 14:36:00
124,0106,全日食(洋日配),8,050,ディリー食品,2,001,スポット商品,03726,02,578,森永ﾊﾟﾙﾒｻﾞﾝﾁｰｽﾞ40g,ﾓﾘﾝｶﾞﾊﾟﾙﾒｻﾞﾝﾁｰｽﾞ40g,ﾊﾟﾙﾒｻﾞﾝ,2,218,155.00,2015/05/14 14:35:35,2015/05/14 14:35:35
111,0105,全日食(和日配）,8,050,ディリー食品,2,001,スポット商品,01116,05,543,高岡鶏卵　温泉たまご4個,ｵﾝｾﾝﾀﾏｺﾞ4ｺ,温泉ﾀﾏｺﾞ,2,158,115.00,2015/05/14 14:33:51,2015/05/14 14:33:51
111,0105,全日食(和日配）,8,050,ディリー食品,2,001,スポット商品,08092,00,512,ふじや涼風茶碗蒸かに160g,ﾁｬﾜﾝﾑｼｶﾆ,茶碗蒸かに,2,118,82.00,2015/05/14 14:32:05,2015/05/14 14:32:05
111,0105,全日食(和日配）,8,050,ディリー食品,2,001,スポット商品,08091,00,518,ふじや涼風茶碗蒸松茸160g,ﾁｬﾜﾝﾑｼﾏﾂﾀｹ,茶碗蒸松茸,2,118,82.00,2015/05/14 14:31:27,2015/05/14 14:31:27
111,0105,全日食(和日配）,8,050,ディリー食品,2,001,スポット商品,08090,00,518,ふじや涼風茶碗蒸ｴﾋﾞ160g,ﾁｬﾜﾝﾑｼ,茶碗蒸エビ,2,118,82.00,2015/05/14 14:30:18,2015/05/14 14:30:18
111,0105,全日食(和日配）,8,050,ディリー食品,2,001,スポット商品,04759,02,518,日ﾊﾑ中華名菜麻婆茄子240g,ﾆﾁﾊﾑﾁｭｳｶﾒｲｻｲﾏｰﾎﾞﾅｽ260g,麻婆茄子,2,348,225.00,2015/05/14 14:28:36,2015/05/14 14:28:36
111,0105,全日食(和日配）,8,050,ディリー食品,2,001,スポット商品,04759,01,518,日ﾊﾑ中華名菜麻婆茄子240g,ﾆﾁﾊﾑﾁｭｳｶﾒｲｻｲﾏｰﾎﾞﾅｽ260g,麻婆茄子,2,370,255.00,2015/05/14 14:27:59,2015/05/14 14:27:59
111,0105,全日食(和日配）,8,050,ディリー食品,2,001,スポット商品,04759,00,518,日ﾊﾑ中華名菜麻婆茄子240g,ﾆﾁﾊﾑﾁｭｳｶﾒｲｻｲﾏｰﾎﾞﾅｽ260g,麻婆茄子,1,306,255.00,2015/05/14 14:27:59,2015/05/14 14:27:59
111,0105,全日食(和日配）,8,050,ディリー食品,2,001,スポット商品,03663,06,518,日ﾊ中華名菜酢豚230g,ﾁｭｳｶﾒｲｻｲｽﾌﾞﾀﾉｸﾞ230g,酢豚の具,2,348,225.00,2015/05/14 14:27:36,2015/05/14 14:27:36
111,0105,全日食(和日配）,8,050,ディリー食品,2,001,スポット商品,03659,04,518,日ﾊ直火焼ﾊﾝﾊﾞｰｸﾞ69g*3,ﾁｮｯｶﾔｷﾊﾝﾊﾞｰｸﾞ75g*3,ﾊﾝﾊﾞｰｸﾞ,2,189,130.00,2015/05/14 14:25:55,2015/05/14 14:25:55
111,0105,全日食(和日配）,8,050,ディリー食品,2,001,スポット商品,03659,03,518,日ﾊ直火焼ﾊﾝﾊﾞｰｸﾞ69g*3,ﾁｮｯｶﾔｷﾊﾝﾊﾞｰｸﾞ75g*3,ﾊﾝﾊﾞｰｸﾞ,2,163,130.00,2015/05/14 14:25:43,2015/05/14 14:25:43
111,0105,全日食(和日配）,8,050,ディリー食品,2,001,スポット商品,03659,02,518,日ﾊ直火焼ﾊﾝﾊﾞｰｸﾞ69g*3,ﾁｮｯｶﾔｷﾊﾝﾊﾞｰｸﾞ75g*3,ﾊﾝﾊﾞｰｸﾞ,1,176,130.00,2015/05/14 14:25:43,2015/05/14 14:25:43
111,0105,全日食(和日配）,8,050,ディリー食品,2,001,スポット商品,03659,01,518,日ﾊ直火焼ﾊﾝﾊﾞｰｸﾞ69g*3,ﾁｮｯｶﾔｷﾊﾝﾊﾞｰｸﾞ75g*3,ﾊﾝﾊﾞｰｸﾞ,1,183,130.00,2015/05/14 14:25:43,2015/05/14 14:25:43
111,0105,全日食(和日配）,8,050,ディリー食品,2,001,スポット商品,03659,00,518,日ﾊ直火焼ﾊﾝﾊﾞｰｸﾞ69g*3,ﾁｮｯｶﾔｷﾊﾝﾊﾞｰｸﾞ75g*3,ﾊﾝﾊﾞｰｸﾞ,1,204,130.00,2015/05/14 14:25:43,2015/05/14 14:25:43
111,0105,全日食(和日配）,8,050,ディリー食品,2,001,スポット商品,03660,03,518,日ﾊ直火焼ﾐｰﾄﾎﾞｰﾙ61g*3,ﾆﾁﾁｮｯｶﾔｷﾐｰﾄﾎﾞｰﾙ61*3,直火焼,2,189,130.00,2015/05/14 14:25:16,2015/05/14 14:25:16
111,0105,全日食(和日配）,8,050,ディリー食品,2,001,スポット商品,03662,08,518,石井ﾐｰﾄﾎﾞｰﾙ120g,ｲｼｲﾐｰﾄﾎﾞｰﾙ120g,ﾐｰﾄﾎﾞｰﾙ,2,118,81.00,2015/05/14 14:24:49,2015/05/14 14:24:49
111,0105,全日食(和日配）,8,050,ディリー食品,2,001,スポット商品,03572,11,518,東洋ﾏﾙﾁｬﾝえびｼｭｳﾏｲ8ｺ入,ｴﾋﾞｼｭｳﾏｲ,ｴﾋﾞｼｭｳﾏｲ,2,208,142.00,2015/05/14 14:22:36,2015/05/14 14:22:36
111,0105,全日食(和日配）,8,050,ディリー食品,2,001,スポット商品,05339,01,518,楽陽かに入り焼売115g,ﾗｸﾖｳｶﾆｲﾘｼｭｳﾏｲ,ｶﾆ入ｼｭｳﾏｲ,2,128,86.00,2015/05/14 14:21:05,2015/05/14 14:21:05
111,0105,全日食(和日配）,8,050,ディリー食品,2,001,スポット商品,04860,06,518,東洋黒豚しゅうまい8個,ﾄｳﾖｳｸﾛﾌﾞﾀｼｭｳﾏｲ8ｺ,黒豚ｼｭｳﾏｲ,2,218,155.00,2015/05/14 14:20:33,2015/05/14 14:20:33
111,0105,全日食(和日配）,8,050,ディリー食品,2,001,スポット商品,04573,02,518,楽陽中華街ﾁﾙﾄﾞｼｳﾏｲ(豆付),ﾁﾙﾄﾞｼｳﾏｲ(ﾏﾒﾂｷ),ﾁﾙﾄﾞｼｳﾏｲ,2,118,80.00,2015/05/14 14:20:04,2015/05/14 14:20:04
111,0105,全日食(和日配）,8,050,ディリー食品,2,001,スポット商品,05364,01,518,東洋黒豚ｷﾞｮｰｻﾞ10個,ｸﾛﾌﾞﾀｷﾞｮｰｻﾞ,黒豚ｷﾞｮｰｻﾞ,2,208,145.00,2015/05/14 14:19:27,2015/05/14 14:19:27
111,0105,全日食(和日配）,8,050,ディリー食品,2,001,スポット商品,03656,13,518,まる得大陸肉ぎょうざ10粒,ﾏﾙﾄｸﾀｲﾘｸﾆｸｷﾞｮｳｻﾞ10ﾂﾌﾞ,ぎょうざ,2,136,96.00,2015/05/14 14:16:17,2015/05/14 14:16:17
111,0105,全日食(和日配）,8,050,ディリー食品,2,001,スポット商品,07277,03,515,島乃香Nｶｯﾌﾟしそ若布40g,ｼﾏﾉｶNｶｯﾌﾟｼｿﾒｶﾌﾞ46g,しそ和布,2,118,80.00,2015/05/14 14:15:41,2015/05/14 14:15:41
111,0105,全日食(和日配）,8,050,ディリー食品,2,001,スポット商品,07277,02,515,島乃香Nｶｯﾌﾟしそ若布40g,ｼﾏﾉｶNｶｯﾌﾟｼｿﾒｶﾌﾞ46g,しそ和布,2,110,80.00,2015/05/14 14:15:31,2015/05/14 14:15:31
111,0105,全日食(和日配）,8,050,ディリー食品,2,001,スポット商品,07277,01,515,島乃香Nｶｯﾌﾟしそ若布40g,ｼﾏﾉｶNｶｯﾌﾟｼｿﾒｶﾌﾞ46g,しそ和布,2,100,80.00,2015/05/14 14:15:31,2015/05/14 14:15:31
111,0105,全日食(和日配）,8,050,ディリー食品,2,001,スポット商品,07277,00,515,島乃香Nｶｯﾌﾟしそ若布40g,ｼﾏﾉｶNｶｯﾌﾟｼｿﾒｶﾌﾞ46g,しそ和布,2,108,80.00,2015/05/14 14:15:31,2015/05/14 14:15:31
111,0105,全日食(和日配）,8,050,ディリー食品,2,001,スポット商品,07275,03,517,島乃香Nｶｯﾌﾟしじみ生姜30g,ｼﾏﾉｶNｶｯﾌﾟｼｼﾞﾐｼｮｳｶﾞ,しじみ生姜,2,118,80.00,2015/05/14 14:15:06,2015/05/14 14:15:06
111,0105,全日食(和日配）,8,050,ディリー食品,2,001,スポット商品,07275,02,517,島乃香Nｶｯﾌﾟしじみ生姜30g,ｼﾏﾉｶNｶｯﾌﾟｼｼﾞﾐｼｮｳｶﾞ,しじみ生姜,2,110,80.00,2015/05/14 14:14:54,2015/05/14 14:14:54
111,0105,全日食(和日配）,8,050,ディリー食品,2,001,スポット商品,07275,01,517,島乃香Nｶｯﾌﾟしじみ生姜30g,ｼﾏﾉｶNｶｯﾌﾟｼｼﾞﾐｼｮｳｶﾞ,しじみ生姜,2,100,80.00,2015/05/14 14:14:52,2015/05/14 14:14:52
111,0105,全日食(和日配）,8,050,ディリー食品,2,001,スポット商品,07275,00,517,島乃香Nｶｯﾌﾟしじみ生姜30g,ｼﾏﾉｶNｶｯﾌﾟｼｼﾞﾐｼｮｳｶﾞ,しじみ生姜,2,108,80.00,2015/05/14 14:14:48,2015/05/14 14:14:48
111,0105,全日食(和日配）,8,050,ディリー食品,2,001,スポット商品,08089,00,518,ｶﾈﾊﾂ減塩健者ごま昆布50g,ｺﾞﾏｺﾝﾌﾞ,ごま昆布,2,118,82.00,2015/05/14 14:13:55,2015/05/14 14:13:55
111,0105,全日食(和日配）,8,050,ディリー食品,2,001,スポット商品,08088,00,518,ｶﾈﾊﾂ低糖健者の野菜豆120g,ﾔｻｲﾏﾒ,野菜豆,2,118,82.00,2015/05/14 14:12:30,2015/05/14 14:12:30
111,0105,全日食(和日配）,8,050,ディリー食品,2,001,スポット商品,07986,01,518,ｶﾈﾊﾂ低糖健者の昆布豆120g,ｺﾝﾌﾞﾏﾒ,昆布豆,2,118,82.00,2015/05/14 14:11:44,2015/05/14 14:11:44
111,0105,全日食(和日配）,8,050,ディリー食品,2,001,スポット商品,04510,02,514,一正たっぷり枝豆揚げ5本,ﾀｯﾌﾟﾘｴﾀﾞﾏﾒｱｹﾞ,枝豆揚げ,2,218,148.00,2015/05/14 14:09:22,2015/05/14 14:09:22
111,0105,全日食(和日配）,8,050,ディリー食品,2,001,スポット商品,07983,01,518,堀川たっぷりﾄｳﾓﾛｺｼ揚げ,ﾄｳｺﾛｺｼｱｹﾞ,とうもろこ,2,198,136.00,2015/05/14 14:08:54,2015/05/14 14:08:54
111,0105,全日食(和日配）,8,050,ディリー食品,2,001,スポット商品,07937,01,516,一正 鯛入まめかま赤80g,ﾀｲｲﾘﾏﾒｶﾏｱｶ,鯛まめかま,2,138,95.00,2015/05/14 14:07:06,2015/05/14 14:07:06
111,0105,全日食(和日配）,8,050,ディリー食品,2,001,スポット商品,03262,02,516,堀川　別撰ちくわ5本入,ﾎﾘｶﾜﾍﾞｯｾﾝﾁｸﾜ5ﾎﾝｲﾘ,別撰ちくわ,2,98,63.00,2015/05/14 14:05:46,2015/05/14 14:05:46
111,0105,全日食(和日配）,8,050,ディリー食品,2,001,スポット商品,03644,14,516,ｽｷﾞﾖ)ﾋﾞﾀﾐﾝちくわ2本入,ﾋﾞﾀﾐﾝﾁｸﾜ,ﾋﾞﾀﾐﾝﾁｸﾜ,2,148,102.00,2015/05/14 14:05:19,2015/05/14 14:05:19
111,0105,全日食(和日配）,8,050,ディリー食品,2,001,スポット商品,07743,02,515,ﾏﾙﾊわさび漬150g,ﾜｻﾋﾞﾂﾞｹ150g,わさび漬,2,288,200.00,2015/05/14 14:04:52,2015/05/14 14:04:52
111,0105,全日食(和日配）,8,050,ディリー食品,2,001,スポット商品,07260,03,515,ﾏﾙﾊ田舎づくりみそ漬50g,ﾏﾙﾊｼｮｳﾃﾝｲﾅｶﾂﾞｸﾘﾐｿﾂﾞｹ50g,みそ漬50g,2,168,114.00,2015/05/14 14:04:29,2015/05/14 14:04:29
111,0105,全日食(和日配）,8,050,ディリー食品,2,001,スポット商品,04327,09,515,旭漬物 紅生姜 千本80g,ﾍﾞﾆｼｮｳｶﾞ,紅生姜,2,138,98.00,2015/05/14 14:03:57,2015/05/14 14:03:57
111,0105,全日食(和日配）,8,050,ディリー食品,2,001,スポット商品,03643,01,515,菱富)梅ぼし角ｶｯﾌﾟ115g,ｳﾒﾎﾞｼｶｸｶｯﾌﾟ115g,梅ぼし,2,315,215.00,2015/05/14 14:03:00,2015/05/14 14:03:00
111,0105,全日食(和日配）,8,050,ディリー食品,2,001,スポット商品,03560,02,515,東海ｷﾑﾁﾌﾟﾁこくうま50g*2,ｷﾑﾁｺｸｳﾏ50*2,ｷﾑﾁ,2,198,138.00,2015/05/14 14:02:11,2015/05/14 14:02:11
111,0105,全日食(和日配）,8,050,ディリー食品,2,001,スポット商品,06510,02,515,増子食べ切り沢庵べったら,ﾀｸｱﾝﾍﾞｯﾀﾗ,べったら,2,118,80.00,2015/05/14 14:01:39,2015/05/14 14:01:39
111,0105,全日食(和日配）,8,050,ディリー食品,2,001,スポット商品,06509,03,515,増子食べ切り沢庵甘口,ﾀｸｱﾝ,沢庵甘口,2,118,80.00,2015/05/14 14:01:13,2015/05/14 14:01:13
111,0105,全日食(和日配）,8,050,ディリー食品,2,001,スポット商品,05167,02,518,加賀味噌食品ごま味噌80g,ｶｶﾞﾐｿｼｮｸﾋﾝｺﾞﾏﾐｿ,ごまみそ,2,110,77.00,2015/05/14 14:00:21,2015/05/14 14:00:21
111,0105,全日食(和日配）,8,050,ディリー食品,2,001,スポット商品,05167,01,518,加賀味噌食品ごま味噌80g,ｶｶﾞﾐｿｼｮｸﾋﾝｺﾞﾏﾐｿ,ごまみそ,2,105,77.00,2015/05/14 14:00:21,2015/05/14 14:00:21
111,0105,全日食(和日配）,8,050,ディリー食品,2,001,スポット商品,05167,00,518,加賀味噌食品ごま味噌80g,ｶｶﾞﾐｿｼｮｸﾋﾝｺﾞﾏﾐｿ,ごまみそ,2,100,77.00,2015/05/14 14:00:21,2015/05/14 14:00:21
111,0105,全日食(和日配）,8,050,ディリー食品,2,001,スポット商品,08087,00,513,ﾀｶﾉおかめ納豆ﾀﾚﾎﾞﾄﾙ100ml,ｵｶﾒﾅｯﾄｳﾀﾚﾎﾞﾄﾙ,ﾀﾚﾎﾞﾄﾙ,2,148,98.00,2015/05/14 13:55:47,2015/05/14 13:55:47
109,0100,ハーゲン,15,060,冷凍食品,24,000,スポット商品(冷凍),03074,07,1671,ﾊｰｹﾞﾝ ｸﾞﾘｰﾝﾃｨ-,ﾊｰｹﾞﾝ ｸﾞﾘｰﾝﾃｨ-,ﾊｰｹﾞﾝ,2,252,163.20,2015/05/14 13:54:10,2015/05/14 13:54:10
109,0100,ハーゲン,15,060,冷凍食品,24,000,スポット商品(冷凍),03073,09,1671,ﾊｰｹﾞﾝ ｽﾄﾛﾍﾞﾘｰ,ﾊｰｹﾞﾝ ｽﾄﾛﾍﾞﾘｰ,ﾊｰｹﾞﾝ,2,252,163.20,2015/05/14 13:53:41,2015/05/14 13:53:41
109,0100,ハーゲン,15,060,冷凍食品,24,000,スポット商品(冷凍),03072,08,1671,ﾊｰｹﾞﾝ ﾊﾞﾆﾗ,ﾊｰｹﾞﾝﾊﾞﾆﾗ,ﾊｰｹﾞﾝ,2,252,163.20,2015/05/14 13:53:17,2015/05/14 13:53:17
74,0066,明治(アイス),15,060,冷凍食品,24,000,スポット商品(冷凍),01652,16,1672,明治ｴｯｾﾙﾐﾆ超ﾊﾞﾆﾗ6ｺ入,ﾒｲｼﾞｴｯｾﾙﾐﾆﾁｮｳﾊﾞﾆﾗ6ｺ,ｴｯｾﾙﾐﾆ,2,357,193.00,2015/05/14 13:51:59,2015/05/14 13:51:59
72,0064,森永(アイス),15,060,冷凍食品,24,000,スポット商品(冷凍),01650,25,1672,Mﾊﾟﾙﾑ ﾁｮｺ6本入,Mﾊﾟﾙﾑ ﾁｮｺ6本入,Mﾊﾟﾙﾑ,2,357,202.92,2015/05/14 13:51:23,2015/05/14 13:51:23
72,0064,森永(アイス),15,060,冷凍食品,24,000,スポット商品(冷凍),04601,09,1672,Mﾐﾆﾐﾙｸ25ml*12本入,ﾐﾆﾐﾙｸ,ﾐﾆﾐﾙｸ,2,280,150.00,2015/05/14 13:50:50,2015/05/14 13:50:50
72,0064,森永(アイス),15,060,冷凍食品,24,000,スポット商品(冷凍),02627,10,1672,Mﾁｪﾘｵ ﾊﾞﾆﾗ(ﾏﾙﾁ),Mﾁｪﾘｵ ﾊﾞﾆﾗ(ﾏﾙﾁ),ﾁｪﾘｵ(ﾏﾙﾁ,2,280,160.00,2015/05/14 13:50:24,2015/05/14 13:50:24
72,0064,森永(アイス),15,060,冷凍食品,24,000,スポット商品(冷凍),07940,02,1672,森永 ﾊﾞﾆﾗ&ﾁｮｺ(ﾏﾙﾁ),ﾊﾞﾆﾗ&ﾁｮｺ,ﾊﾞﾆﾗ&ﾁｮｺ,2,280,145.00,2015/05/14 13:49:56,2015/05/14 13:49:56
73,0065,井村屋(アイス),15,060,冷凍食品,24,000,スポット商品(冷凍),04346,08,1672,井村屋BOX抹茶つぶあんﾓﾅｶ,BOXﾂﾌﾞｱﾝﾓﾅｶ,つぶあんﾓﾅ,2,280,184.14,2015/05/14 13:48:25,2015/05/14 13:48:25
135,0128,成和フード,28,001,その他,2,001,スポット商品,99066,00,9999,こしひかり精米1.5kg,ｺｼﾋｶﾘｾｲﾏｲ1.5kg,ｺｼﾋｶﾘ1.5kg,2,498,461.50,2015/05/14 12:43:08,2015/05/14 12:43:08
135,0128,成和フード,28,001,その他,2,001,スポット商品,99067,00,9999,こしひかり精米2kg,ｺｼﾋｶﾘｾｲﾏｲ2kg,ｺｼﾋｶﾘ2kg,2,644,599.00,2015/05/14 12:42:30,2015/05/14 12:42:30
135,0128,成和フード,28,001,その他,2,001,スポット商品,99068,00,9999,こしひかり精米3kg,ｺｼﾋｶﾘｾｲﾏｲ3kg,ｺｼﾋｶﾘ3kg,2,940,874.00,2015/05/14 12:41:48,2015/05/14 12:41:48
135,0128,成和フード,28,001,その他,2,001,スポット商品,99069,00,9999,こしひかり精米3.5kg,ｺｼﾋｶﾘｾｲﾏｲ3.5ｋｇ,ｺｼﾋｶﾘ3.5kg,2,1090,1011.50,2015/05/14 12:41:08,2015/05/14 12:41:08
135,0128,成和フード,28,001,その他,2,001,スポット商品,99070,00,9999,こしひかり精米5kg,ｺｼﾋｶﾘｾｲﾏｲ5kg,ｺｼﾋｶﾘ5kg,2,1235,1149.00,2015/05/14 12:40:33,2015/05/14 12:40:33
135,0128,成和フード,28,001,その他,2,001,スポット商品,99071,00,9999,こしひかり精米5kg,ｺｼﾋｶﾘｾｲﾏｲ5kg,ｺｼﾋｶﾘ5kg,2,1530,1424.00,2015/05/14 12:39:59,2015/05/14 12:39:59
135,0128,成和フード,28,001,その他,2,001,スポット商品,99072,00,9999,こしひかり精米6kg,ｺｼﾋｶﾘｾｲﾏｲ6kg,ｺｼﾋｶﾘ6kg,2,1980,1649.00,2015/05/14 12:38:35,2015/05/14 12:38:35
135,0128,成和フード,28,001,その他,2,001,スポット商品,99073,00,9999,こしひかり精米7kg,ｺｼﾋｶﾘｾｲﾏｲ7kg,ｺｼﾋｶﾘ7ｋｇ,2,2130,1974.00,2015/05/14 12:37:51,2015/05/14 12:37:51
7,0007,オフィス・ミント,28,001,その他,2,001,スポット商品,99074,00,9999,OMｽｰﾌﾟｶﾎﾞﾁｬﾁｬｳﾀﾞｰ,ｶﾎﾞﾁｬﾁｬｳﾀﾞｰ,ﾁｬｳﾀﾞｰ,2,1500,1050.00,2015/05/14 12:00:06,2015/05/14 12:00:06
111,0105,全日食(和日配）,8,050,ディリー食品,2,001,スポット商品,07274,03,513,ﾀｶﾉ旨味ひきわりﾐﾆ3 45g*3,ﾀｶﾉｳﾏﾐﾋｷﾜﾘﾐﾆ3,ひきわり3,2,98,67.00,2015/05/13 19:06:19,2015/05/13 19:06:19
111,0105,全日食(和日配）,8,050,ディリー食品,2,001,スポット商品,07430,05,518,横山たっぷりがんも2枚入,ﾖｺﾔﾏﾀｯﾌﾟﾘｶﾞﾝﾓ2ﾏｲｲﾘ,がんも2枚,2,120,85.00,2015/05/13 19:01:52,2015/05/13 19:01:52
1,0001,森永乳業,28,001,その他,2,001,スポット商品,99439,02,9999,M絹ごし豆腐290g,Mｷﾇｺﾞｼﾄｳﾌ290g,絹ごし豆腐,2,145,84.00,2015/05/13 18:57:42,2015/05/13 18:57:42
111,0105,全日食(和日配）,8,050,ディリー食品,2,001,スポット商品,07058,03,512,中尾食品 茶碗とうふ2個入,ﾁｬﾜﾝﾄｳﾌ2ｺｲﾘ,茶碗豆腐,2,168,125.00,2015/05/13 18:56:44,2015/05/13 18:56:44
111,0105,全日食(和日配）,8,050,ディリー食品,2,001,スポット商品,06865,04,512,小菱屋 絹豆腐3個ﾊﾟｯｸ,ｷﾇﾄｳﾌ3ｺﾊﾟｯｸ,絹豆腐,2,122,79.00,2015/05/13 18:55:59,2015/05/13 18:55:59
111,0105,全日食(和日配）,8,050,ディリー食品,2,001,スポット商品,04726,02,512,さとの雪絹ｺﾞｼ2回分150g*2,ｻﾄﾉﾕｷｷﾇｺﾞｼ2ｶｲﾌﾞﾝ150*2,絹ゴシ2回,2,134,95.00,2015/05/13 18:55:11,2015/05/13 18:55:11
111,0105,全日食(和日配）,8,050,ディリー食品,2,001,スポット商品,05125,01,512,さとの雪 木綿2回分150g*2,ｻﾄﾉﾕｷﾓﾒﾝ2ｶｲ,木綿2回分,2,134,95.00,2015/05/13 18:53:53,2015/05/13 18:53:53
111,0105,全日食(和日配）,8,050,ディリー食品,2,001,スポット商品,04357,09,511,東洋ﾏﾙﾁｬﾝ味噌生ﾗｰﾒﾝ3人前,ﾄｳﾖｳﾏﾙﾁｬﾝﾐｿﾗｰﾒﾝ3ﾆﾝﾏｴ,味噌ﾗｰﾒﾝ,2,198,139.00,2015/05/13 18:50:51,2015/05/13 18:50:51
111,0105,全日食(和日配）,8,050,ディリー食品,2,001,スポット商品,04270,09,511,東洋ﾏﾙﾁｬﾝ醤油生ﾗｰﾒﾝ3人前,ﾏﾙﾁｬﾝﾗｰﾒﾝ3ﾆﾝﾏｴ,ﾗｰﾒﾝ,2,198,139.00,2015/05/13 18:50:09,2015/05/13 18:50:09
47,0040,犬田製麺,8,050,ディリー食品,2,001,スポット商品,07388,01,505,犬)得々抹茶そば2食,ｲﾇﾀﾄｸﾄｸﾏｯﾁｬｿﾊﾞ2ｼｮｸ,抹茶そば2,2,105,75.00,2015/05/13 18:49:11,2015/05/13 18:49:11
111,0105,全日食(和日配）,8,050,ディリー食品,2,001,スポット商品,04504,01,512,東洋あげ玉50g,ﾄｳﾖｳｱｹﾞﾀﾏ50g,あげ玉,2,112,79.00,2015/05/13 18:43:43,2015/05/13 18:43:43
111,0105,全日食(和日配）,8,050,ディリー食品,2,001,スポット商品,03611,03,511,石川製麺和そば150g,ｲｼｶﾜｾｲﾒﾝﾜｿﾊﾞ150g,和そば,2,37,24.00,2015/05/13 18:40:44,2015/05/13 18:40:44
56,0048,竹本商店,2,030,鮮魚・塩干魚,2,001,スポット商品,07646,02,311,ふぐ一夜干し5枚,ﾌｸﾞｲﾁﾔﾎｼ,ふぐ一夜干,2,313,250.00,2015/05/13 18:08:43,2015/05/13 18:08:43
112,0107,全日食(ドライ),9,070,ドライ食品,2,001,スポット商品,08086,00,711,小倉食品ﾀﾝｻﾝ35g,ﾀﾝｻﾝ,ﾀﾝｻﾝ35ｇ,2,68,49.00,2015/05/13 14:56:47,2015/05/13 14:56:47
112,0107,全日食(ドライ),9,070,ドライ食品,2,001,スポット商品,08085,00,711,四季の花きな粉150g,ｷﾅｺ,きなこ,2,124,88.00,2015/05/13 14:56:14,2015/05/13 14:56:14
112,0107,全日食(ドライ),9,070,ドライ食品,2,001,スポット商品,08084,00,711,荒井車麩ｽﾗｲｽ10枚,ｸﾙﾏﾌｽﾗｲｽ,車麩,2,118,85.00,2015/05/13 14:55:32,2015/05/13 14:55:32
112,0107,全日食(ドライ),9,070,ドライ食品,2,001,スポット商品,08083,00,711,浜乙女白すりごま80g,ｽﾘｺﾞﾏ,すりごま,2,158,110.00,2015/05/13 14:54:46,2015/05/13 14:54:46
112,0107,全日食(ドライ),9,070,ドライ食品,2,001,スポット商品,08082,00,713,旭松小ｻﾅこうや旨味ﾀﾞｼ付,ｺｳﾔ,こうや,2,168,120.00,2015/05/13 14:53:51,2015/05/13 14:53:51
112,0107,全日食(ドライ),9,070,ドライ食品,2,001,スポット商品,08081,00,711,池利　翁くずきり90g,ｸｽﾞｷﾘ,くずきり,2,168,114.00,2015/05/13 14:52:45,2015/05/13 14:52:45
112,0107,全日食(ドライ),9,070,ドライ食品,2,001,スポット商品,08080,00,711,ﾔﾏﾋﾃﾞ食品紅えび20g,ﾍﾞﾆｴﾋﾞ,紅えび,2,138,88.00,2015/05/13 14:51:39,2015/05/13 14:51:39
98,0090,クスリのアオキ,15,060,冷凍食品,24,000,スポット商品(冷凍),02695,08,1611,味の素やわらか若鶏から揚,ﾔﾜﾗｶｶﾗｱｹﾞ,若鶏たれ,2,475,350.00,2015/05/13 14:49:34,2015/05/13 14:49:34
122,0104,全日食(デリカ),6,040,デリカ,2,001,スポット商品,08079,00,471,ﾃﾞﾙｼｰほっけの干物,ﾎｯｹﾉﾋﾓﾉ,ほっけ干物,2,278,190.00,2015/05/13 14:48:31,2015/05/13 14:48:31
122,0104,全日食(デリカ),6,040,デリカ,2,001,スポット商品,08078,00,471,ﾃﾞﾙｼｰFCあじの開き,ｱｼﾞﾉﾋﾗｷ,鯵の開き,2,298,210.00,2015/05/13 14:47:53,2015/05/13 14:47:53
122,0104,全日食(デリカ),6,040,デリカ,2,001,スポット商品,08077,00,471,ﾃﾞﾙｼｰ酢豚130g,ｽﾌﾞﾀ,酢豚,2,198,132.00,2015/05/13 14:47:05,2015/05/13 14:47:05
122,0104,全日食(デリカ),6,040,デリカ,2,001,スポット商品,08075,00,471,ﾃﾞﾙｼ高野豆腐の煮物80g,ｺｳﾔﾄｳﾌﾉﾆﾓﾉ,高野豆腐,2,138,94.00,2015/05/13 14:46:32,2015/05/13 14:46:32
122,0104,全日食(デリカ),6,040,デリカ,2,001,スポット商品,08076,00,471,ﾃﾞﾙｼｰ切り昆布の煮物80g,ｷﾘｺﾝﾌﾞﾉﾆﾓﾉ,煮物,2,138,94.00,2015/05/13 14:46:26,2015/05/13 14:46:26
122,0104,全日食(デリカ),6,040,デリカ,2,001,スポット商品,08074,00,473,ｶﾈﾊﾂかぼちゃｻﾗﾀﾞ75g,ｶﾎﾞﾁｬｻﾗﾀﾞ75g,かぼちゃ,2,138,92.00,2015/05/13 14:40:29,2015/05/13 14:40:29
87,0079,騎寄精肉店,5,020,精肉・加工肉,2,001,スポット商品,08046,01,221,豚肩ﾛｰｽｽﾗｲｽ100g,ﾌﾞﾀｶﾀﾛｰｽｽﾗｲｽ,豚肩ﾛｰｽ,2,248,175.00,2015/05/13 14:38:33,2015/05/13 14:38:33
22,0018,敷島製パン　株式会社,11,080,菓子・パン,2,001,スポット商品,01771,09,842,P白い食卓ﾛｰﾙ⑥,ﾊﾟｽｺｼﾛｲｼｮｸﾀｸﾛｰﾙ⑥,白い食卓6,2,138,94.50,2015/05/13 14:18:33,2015/05/13 14:18:33
22,0018,敷島製パン　株式会社,11,080,菓子・パン,2,001,スポット商品,02625,05,841,P麦ﾉめぐみ全粒粉食ﾊﾟﾝ⑥,ﾊﾟｽｺﾑｷﾞﾉﾒｸﾞﾐｾﾞﾝﾘｭｳﾌﾝ⑥,麦のめぐみ,2,199,138.60,2015/05/13 14:16:52,2015/05/13 14:16:52
117,0108,全日食(ﾊﾟﾝ・菓子),11,080,菓子・パン,2,001,スポット商品,07466,02,819,ﾌﾞ)くだものｲｯﾊﾟｲｾﾞﾘｰﾐｯｸｽ,ﾌﾞﾙﾎﾞﾝｸﾀﾞﾓﾉｲｯﾊﾟｲｾﾞﾘｰﾐｯｸｽ,果物ｾﾞﾘｰ,2,100,73.00,2015/05/13 14:13:41,2015/05/13 14:13:41
117,0108,全日食(ﾊﾟﾝ・菓子),11,080,菓子・パン,2,001,スポット商品,04399,01,817,ﾔﾏｻﾞｷﾅﾋﾞｽｺ ｵﾚｵ18枚,ｵﾚｵ,ｵﾚｵ,2,198,142.00,2015/05/13 14:12:50,2015/05/13 14:12:50
117,0108,全日食(ﾊﾟﾝ・菓子),11,080,菓子・パン,2,001,スポット商品,05287,01,815,ｶﾝﾛもりもり山くだもの飴,ﾓﾘﾓﾘﾔﾏｸﾀﾞﾓﾉｱﾒ,くだもの飴,2,168,120.00,2015/05/13 14:11:03,2015/05/13 14:11:03
117,0108,全日食(ﾊﾟﾝ・菓子),11,080,菓子・パン,2,001,スポット商品,07693,03,815,ｶﾝﾛ ﾉﾝｼｭｶﾞｰ珈琲茶館72g,ｶﾝﾛｺｰﾋｰｼｭｶﾞｰ,ｺｰﾋｰ飴,2,168,122.00,2015/05/13 14:10:38,2015/05/13 14:10:38
117,0108,全日食(ﾊﾟﾝ・菓子),11,080,菓子・パン,2,001,スポット商品,07693,02,815,ｶﾝﾛ ﾉﾝｼｭｶﾞｰ珈琲茶館72g,ｶﾝﾛｺｰﾋｰｼｭｶﾞｰ,ｺｰﾋｰ飴,2,168,126.00,2015/05/13 14:10:23,2015/05/13 14:10:23
117,0108,全日食(ﾊﾟﾝ・菓子),11,080,菓子・パン,2,001,スポット商品,07693,01,815,ｶﾝﾛ ﾉﾝｼｭｶﾞｰ珈琲茶館72g,ｶﾝﾛｺｰﾋｰｼｭｶﾞｰ,ｺｰﾋｰ飴,2,158,126.00,2015/05/13 14:10:23,2015/05/13 14:10:23
117,0108,全日食(ﾊﾟﾝ・菓子),11,080,菓子・パン,2,001,スポット商品,07693,00,815,ｶﾝﾛ ﾉﾝｼｭｶﾞｰ珈琲茶館72g,ｶﾝﾛｺｰﾋｰｼｭｶﾞｰ,ｺｰﾋｰ飴,2,172,126.00,2015/05/13 14:10:23,2015/05/13 14:10:23
117,0108,全日食(ﾊﾟﾝ・菓子),11,080,菓子・パン,2,001,スポット商品,03251,06,815,ｷｼﾘｸﾘｽﾀﾙﾐﾝﾄのど飴,ｷｼﾘｸﾘｽﾀﾙﾐﾝﾄﾉﾄﾞｱﾒ72g,ｸﾘｽﾀﾙﾐﾝﾄ,2,160,120.00,2015/05/13 14:09:47,2015/05/13 14:09:47
117,0108,全日食(ﾊﾟﾝ・菓子),11,080,菓子・パン,2,001,スポット商品,03251,05,815,ｷｼﾘｸﾘｽﾀﾙﾐﾝﾄのど飴,ｷｼﾘｸﾘｽﾀﾙﾐﾝﾄﾉﾄﾞｱﾒ72g,ｸﾘｽﾀﾙﾐﾝﾄ,2,150,120.00,2015/05/13 14:09:47,2015/05/13 14:09:47
117,0108,全日食(ﾊﾟﾝ・菓子),11,080,菓子・パン,2,001,スポット商品,03251,04,815,ｷｼﾘｸﾘｽﾀﾙﾐﾝﾄのど飴,ｷｼﾘｸﾘｽﾀﾙﾐﾝﾄﾉﾄﾞｱﾒ72g,ｸﾘｽﾀﾙﾐﾝﾄ,2,151,120.00,2015/05/13 14:09:46,2015/05/13 14:09:46
117,0108,全日食(ﾊﾟﾝ・菓子),11,080,菓子・パン,2,001,スポット商品,03251,03,815,ｷｼﾘｸﾘｽﾀﾙﾐﾝﾄのど飴,ｷｼﾘｸﾘｽﾀﾙﾐﾝﾄﾉﾄﾞｱﾒ72g,ｸﾘｽﾀﾙﾐﾝﾄ,2,163,120.00,2015/05/13 14:09:46,2015/05/13 14:09:46
117,0108,全日食(ﾊﾟﾝ・菓子),11,080,菓子・パン,2,001,スポット商品,03251,02,815,ｷｼﾘｸﾘｽﾀﾙﾐﾝﾄのど飴,ｷｼﾘｸﾘｽﾀﾙﾐﾝﾄﾉﾄﾞｱﾒ72g,ｸﾘｽﾀﾙﾐﾝﾄ,1,163,120.00,2015/05/13 14:09:46,2015/05/13 14:09:46
117,0108,全日食(ﾊﾟﾝ・菓子),11,080,菓子・パン,2,001,スポット商品,03251,01,815,ｷｼﾘｸﾘｽﾀﾙﾐﾝﾄのど飴,ｷｼﾘｸﾘｽﾀﾙﾐﾝﾄﾉﾄﾞｱﾒ72g,ｸﾘｽﾀﾙﾐﾝﾄ,1,172,120.00,2015/05/13 14:09:46,2015/05/13 14:09:46
117,0108,全日食(ﾊﾟﾝ・菓子),11,080,菓子・パン,2,001,スポット商品,03251,00,815,ｷｼﾘｸﾘｽﾀﾙﾐﾝﾄのど飴,ｷｼﾘｸﾘｽﾀﾙﾐﾝﾄﾉﾄﾞｱﾒ72g,ｸﾘｽﾀﾙﾐﾝﾄ,1,173,120.00,2015/05/13 14:09:46,2015/05/13 14:09:46
117,0108,全日食(ﾊﾟﾝ・菓子),11,080,菓子・パン,2,001,スポット商品,04439,01,815,春日井のどにｽｯｷﾘ125g,ｶｽｶﾞｲﾉﾄﾞﾆｽｯｷﾘ,のどすっき,2,133,97.00,2015/05/13 14:08:59,2015/05/13 14:08:59
117,0108,全日食(ﾊﾟﾝ・菓子),11,080,菓子・パン,2,001,スポット商品,04048,11,814,亀田 柿の種6袋詰,ｶﾒﾀﾞﾉｶｷﾉﾀﾈ,柿の種,2,189,141.00,2015/05/13 14:07:29,2015/05/13 14:07:29
117,0108,全日食(ﾊﾟﾝ・菓子),11,080,菓子・パン,2,001,スポット商品,04052,01,814,天乃屋 歌舞伎揚11枚,ｶﾌﾞｷｱｹﾞ11ﾏｲ,歌舞伎揚,2,188,136.00,2015/05/13 14:07:04,2015/05/13 14:07:04
117,0108,全日食(ﾊﾟﾝ・菓子),11,080,菓子・パン,2,001,スポット商品,06083,01,814,三幸製菓おかき餅12枚,ｵｶｷﾓﾁ,おかき餅,2,138,99.00,2015/05/13 14:06:40,2015/05/13 14:06:40
117,0108,全日食(ﾊﾟﾝ・菓子),11,080,菓子・パン,2,001,スポット商品,08073,00,814,金吾堂厚焼きしょうゆ8枚,ｱﾂﾔｷｼｮｳﾕ,厚焼しょう,2,188,132.00,2015/05/13 14:06:15,2015/05/13 14:06:15
117,0108,全日食(ﾊﾟﾝ・菓子),11,080,菓子・パン,2,001,スポット商品,08050,01,813,栗山)星たべよしお味22枚,ﾎｼﾀﾍﾞﾖ,星たべよ,2,160,114.00,2015/05/13 14:05:14,2015/05/13 14:05:14
117,0108,全日食(ﾊﾟﾝ・菓子),11,080,菓子・パン,2,001,スポット商品,07151,01,811,ﾌﾞﾙﾎﾞﾝ ﾌﾟﾁえび38g,ﾌﾟﾁｴﾋﾞ38g,ﾌﾟﾁえび,2,84,58.00,2015/05/13 14:03:02,2015/05/13 14:03:02
117,0108,全日食(ﾊﾟﾝ・菓子),11,080,菓子・パン,2,001,スポット商品,08072,00,811,ﾌﾞﾙﾎﾞﾝﾌﾟﾁうす焼36g,ﾌﾟﾁｳｽﾔｷ,うすやき,2,84,58.00,2015/05/13 14:02:40,2015/05/13 14:02:40
117,0108,全日食(ﾊﾟﾝ・菓子),11,080,菓子・パン,2,001,スポット商品,08071,00,813,ﾄﾞﾃﾞｶｲﾗｰﾒﾝﾁｷﾝ74g,ﾄﾞﾃﾞｶｲﾗｰﾒﾝﾁｷﾝ74g,ﾄﾞﾃﾞｶｲﾗｰ,2,100,70.00,2015/05/13 14:01:41,2015/05/13 14:01:41
117,0108,全日食(ﾊﾟﾝ・菓子),11,080,菓子・パン,2,001,スポット商品,06944,05,813,ﾍﾞｼﾞｯﾌﾟｽ28g(玉ﾈｷﾞ.ｶﾎﾞﾁｬ.,ﾍﾞｼﾞｯﾌﾟｽ,ﾍﾞｼﾞｯﾌﾟｽ,2,128,89.00,2015/05/13 14:00:49,2015/05/13 14:00:49
117,0108,全日食(ﾊﾟﾝ・菓子),11,080,菓子・パン,2,001,スポット商品,03275,01,813,ﾅﾋﾞｽｺ)ﾁｯﾌﾟｽﾀｰS ｺﾝｿﾒ50g,ﾅﾋﾞｽｺﾁｯﾌﾟｽﾀｰSｺﾝｿﾒ,ﾁｯﾌﾟｽﾀｰ,2,108,74.00,2015/05/13 13:59:47,2015/05/13 13:59:47
117,0108,全日食(ﾊﾟﾝ・菓子),11,080,菓子・パン,2,001,スポット商品,08070,00,811,江崎ｸﾞﾘｺﾌﾟﾘｯﾂ<ｻﾗﾀﾞ>69g,ﾌﾟﾘｯﾂ,ﾌﾟﾘｯﾂ,2,118,85.00,2015/05/13 13:59:00,2015/05/13 13:59:00
117,0108,全日食(ﾊﾟﾝ・菓子),11,080,菓子・パン,2,001,スポット商品,08069,00,811,江崎ｸﾞﾘｺﾋﾞｽｺ15枚,ﾋﾞｽｺ,ﾋﾞｽｺ,2,110,80.00,2015/05/13 13:57:53,2015/05/13 13:57:53
117,0108,全日食(ﾊﾟﾝ・菓子),11,080,菓子・パン,2,001,スポット商品,07218,01,815,森永ﾐﾙｸｷｬﾗﾒﾙ12粒入,ﾓﾘﾅｶﾞﾐﾙｸｷｬﾗﾒﾙ12ﾂﾌﾞ,ﾐﾙｸｷｬﾗﾒﾙ,2,110,79.00,2015/05/13 13:56:54,2015/05/13 13:56:54
117,0108,全日食(ﾊﾟﾝ・菓子),11,080,菓子・パン,2,001,スポット商品,03348,03,811,ﾛｯﾃ ｶﾞｰﾅﾐﾙｸ50g,ﾛｯﾃｶﾞｰﾅﾐﾙｸ,ｶﾞｰﾅﾐﾙｸ,2,95,63.00,2015/05/13 13:55:31,2015/05/13 13:55:31
36,0030,日本酒販㈱金沢支店,12,090,酒類,2,001,スポット商品,00800,02,932,ほろよい白ｻﾜｰ350ml24入,ﾎﾛﾖｲｼﾛｲｻﾜｰ350ml24ﾎﾝ1ｹｰｽ,ほろよい白,2,2680,2400.00,2015/05/13 13:42:18,2015/05/13 13:42:18
36,0030,日本酒販㈱金沢支店,12,090,酒類,2,001,スポット商品,00800,01,932,ほろよい白ｻﾜｰ350ml24入,ﾎﾛﾖｲｼﾛｲｻﾜｰ350ml24ﾎﾝ1ｹｰｽ,ほろよい白,1,3168,2532.00,2015/05/13 13:42:18,2015/05/13 13:42:18
36,0030,日本酒販㈱金沢支店,12,090,酒類,2,001,スポット商品,00800,00,932,ほろよい白ｻﾜｰ350ml24入,ﾎﾛﾖｲｼﾛｲｻﾜｰ350ml24ﾎﾝ1ｹｰｽ,ほろよい白,1,3425,2532.00,2015/05/13 13:42:18,2015/05/13 13:42:18
36,0030,日本酒販㈱金沢支店,12,090,酒類,2,001,スポット商品,00766,19,911,ｻﾝﾄﾘｰ 金麦350ml*24,ｻﾝﾄﾘｰｷﾝﾑｷﾞ350ml*24,金麦24,2,2598,2328.00,2015/05/13 13:40:17,2015/05/13 13:40:17
36,0030,日本酒販㈱金沢支店,12,090,酒類,2,001,スポット商品,00872,19,911,ｻ)金麦350ml 6缶,ｷﾝﾑｷﾞ350*6,金麦350*6,2,665,582.00,2015/05/13 13:39:42,2015/05/13 13:39:42
36,0030,日本酒販㈱金沢支店,12,090,酒類,2,001,スポット商品,05913,15,911,ｷﾘﾝﾋﾞｰﾙ澄みきり350ml*24,ｽﾐｷﾘ24ｶﾝ,澄みきり24,2,2598,2328.00,2015/05/13 13:38:57,2015/05/13 13:38:57
36,0030,日本酒販㈱金沢支店,12,090,酒類,2,001,スポット商品,05784,09,911,ｷﾘﾝﾋﾞｰﾙ澄みきり350ml*6缶,ｷrﾝﾋﾞｰﾙｽﾐｷﾘ350*6,澄みきり,2,665,582.00,2015/05/13 13:37:48,2015/05/13 13:37:48
36,0030,日本酒販㈱金沢支店,12,090,酒類,2,001,スポット商品,00763,16,901,ｷ)のどごし{生}350ml 24缶,ｷﾘﾝﾉﾄﾞｺﾞｼﾅﾏ350ml24ﾎﾝ1ｹｰｽ,ﾉﾄﾞｺﾞｼ生35,2,2598,2328.00,2015/05/13 13:34:45,2015/05/13 13:34:45
36,0030,日本酒販㈱金沢支店,12,090,酒類,2,001,スポット商品,07711,04,911,淡麗ﾌﾟﾗﾁﾅﾀﾞﾌﾞﾙ350ml*24缶,ﾌﾟﾗﾁﾅﾀﾞﾌﾞﾙ350ml*24ｶﾝ,ﾌﾟﾗﾁﾅﾀﾞﾌﾞ,2,2998,2695.00,2015/05/13 13:25:16,2015/05/13 13:25:16
36,0030,日本酒販㈱金沢支店,12,090,酒類,2,001,スポット商品,08068,00,911,淡麗ﾌﾟﾗﾁﾅﾀﾞﾌﾞﾙ350ml*6缶,ﾌﾟﾗﾁﾅﾀﾞﾌﾞﾙ350*6,ﾌﾟﾗﾁﾅﾀﾞﾌﾞﾙ,2,772,674.00,2015/05/13 13:24:47,2015/05/13 13:24:47
36,0030,日本酒販㈱金沢支店,12,090,酒類,2,001,スポット商品,00748,12,911,ｷﾘﾝ ﾗｶﾞｰ350ml*24缶,ｷﾘﾝﾗｶﾞｰ350ml24ｶﾝ1ｹｰｽ,ﾗｶﾞｰ350缶,2,4498,4028.00,2015/05/13 13:22:53,2015/05/13 13:22:53
36,0030,日本酒販㈱金沢支店,12,090,酒類,2,001,スポット商品,00864,03,911,ｷﾘﾝ ﾗｶﾞｰ350ml 6缶,ｷﾘﾝﾗｶﾞｰ350*6,ﾗｶﾞｰ350*6,2,1150,1007.00,2015/05/13 13:22:24,2015/05/13 13:22:24
36,0030,日本酒販㈱金沢支店,12,090,酒類,2,001,スポット商品,00750,12,911,ｷﾘﾝ一番搾り350ml*24缶,ｷﾘﾝｲﾁﾊﾞﾝｼﾎﾞﾘ350ml24ﾎﾝ1ｹｰ,一番搾350,2,4498,4028.00,2015/05/13 13:22:05,2015/05/13 13:22:05
36,0030,日本酒販㈱金沢支店,12,090,酒類,2,001,スポット商品,00751,18,911,ｱ)ｽｰﾊﾟｰﾄﾞﾗｲ350ml　24缶,ｱｻﾋｽｰﾊﾟｰﾄﾞﾗｲ350ml24ﾎﾝ1ｹｰ,ｽﾊﾟﾄﾞﾗｲ,2,4498,4028.00,2015/05/13 13:21:14,2015/05/13 13:21:14
117,0108,全日食(ﾊﾟﾝ・菓子),11,080,菓子・パン,2,001,スポット商品,05974,03,819,なとりﾁｰｽﾞかまぼこ48g,ﾅﾄﾘﾁｰｽﾞｶﾏﾎﾞｺ48g,ﾁｰｽﾞｶﾏﾎﾞｺ,2,100,75.00,2015/05/13 13:19:42,2015/05/13 13:19:42
117,0108,全日食(ﾊﾟﾝ・菓子),11,080,菓子・パン,2,001,スポット商品,08067,00,811,ﾌﾟﾘﾏﾊﾑひとくちｶﾙﾊﾟｽ125g,カルパス,ｶﾙﾊﾟｽ,2,368,262.00,2015/05/13 13:19:18,2015/05/13 13:19:18
117,0108,全日食(ﾊﾟﾝ・菓子),11,080,菓子・パン,2,001,スポット商品,08066,00,811,共立ｱｰﾓﾝﾄﾞﾁｬｯｸ付90g,ｱｰﾓﾝﾄﾞﾁｬｯｸ,ｱｰﾓﾝﾄﾞ,2,288,205.00,2015/05/13 13:17:47,2015/05/13 13:17:47
112,0107,全日食(ドライ),9,070,ドライ食品,2,001,スポット商品,07755,01,743,ｻﾝﾄﾘｰ超ｳｺﾝ100ml*6,ﾁｮｳｳｺﾝ,超ｳｺﾝ,2,1050,780.00,2015/05/13 13:16:02,2015/05/13 13:16:02
112,0107,全日食(ドライ),9,070,ドライ食品,2,001,スポット商品,08065,00,741,ｺﾞｰﾙﾄﾞﾌﾞﾚﾝﾄﾞ甘控900ml*12,ｺﾞｰﾙﾄﾞﾌﾞﾚﾝﾄﾞｱﾏｻﾋｶｴﾒ*12,ｺﾞｰﾙﾄﾞﾌﾞﾚ,2,1776,1320.00,2015/05/13 13:15:40,2015/05/13 13:15:40
112,0107,全日食(ドライ),9,070,ドライ食品,2,001,スポット商品,08038,01,741,ｺﾞｰﾙﾄﾞﾌﾞﾚﾝﾄﾞ甘ﾋｶｴﾒ900ml,ｺﾞｰﾙﾄﾞﾌﾞﾚﾝﾄﾞｱﾏｻﾋｶｴﾒ,ｺﾞｰﾙﾄﾞ甘,2,152,110.00,2015/05/13 13:14:53,2015/05/13 13:14:53
112,0107,全日食(ドライ),9,070,ドライ食品,2,001,スポット商品,08064,00,741,ｺﾞｰﾙﾄﾞﾌﾞﾚﾝﾄﾞ無糖900ml*12,ｺﾞｰﾙﾄﾞﾌﾞﾚﾝﾄﾞﾑﾄｳ*12,ｺﾞｰﾙﾄﾞﾌﾞ,2,1776,1320.00,2015/05/13 13:14:22,2015/05/13 13:14:22
112,0107,全日食(ドライ),9,070,ドライ食品,2,001,スポット商品,08037,01,741,ﾈｽﾚｺﾞｰﾙﾄﾞﾌﾞﾚﾝﾄﾞ無糖900ml,ｺﾞｰﾙﾄﾞﾌﾞﾚﾝﾄﾞﾑﾄｳ,ｺﾞｰﾙﾄﾞ無糖,2,152,110.00,2015/05/13 13:12:52,2015/05/13 13:12:52
112,0107,全日食(ドライ),9,070,ドライ食品,2,001,スポット商品,08063,00,743,ﾎﾞｽ贅沢微糖185ｇ,ﾎﾞｽｾﾞｲﾀｸﾋﾞﾄｳ,贅沢微糖,2,88,56.00,2015/05/13 13:09:44,2015/05/13 13:09:44
112,0107,全日食(ドライ),9,070,ドライ食品,2,001,スポット商品,04307,03,743,BOSS贅沢微糖185g*30缶,ﾎﾞｽｾﾞｲﾀｸﾋﾞﾄｳ185*30,贅沢微糖,2,2380,1680.00,2015/05/13 13:08:51,2015/05/13 13:08:51
112,0107,全日食(ドライ),9,070,ドライ食品,2,001,スポット商品,08062,00,743,ｻﾝﾄﾘﾎﾞｽ無糖ﾌﾞﾗｯｸ185ｇ*30,ﾑﾄｳﾌﾞﾗｯｸ,無糖ﾌﾞﾗｯｸ,2,2340,1680.00,2015/05/13 13:08:26,2015/05/13 13:08:26
112,0107,全日食(ドライ),9,070,ドライ食品,2,001,スポット商品,08060,00,743,午後の紅茶ﾐﾙｸﾃｨｰ500ml*24,ﾑﾙｸﾃｨ,みるくてぃ,2,2450,1800.00,2015/05/13 13:07:47,2015/05/13 13:07:47
112,0107,全日食(ドライ),9,070,ドライ食品,2,001,スポット商品,08061,00,743,ｻﾝﾄﾘｰﾎﾞｽ無糖ﾌﾞﾗｯｸ185ｇ,ﾑﾄｳﾌﾞﾗｯｸ,無糖ﾌﾞﾗｯｸ,2,88,56.00,2015/05/13 13:07:32,2015/05/13 13:07:32
112,0107,全日食(ドライ),9,070,ドライ食品,2,001,スポット商品,08059,00,743,午後の紅茶ﾐﾙｸﾃｨｰ500ml,ﾐﾙｸﾃｨ,ﾐﾙｸﾃｨ,2,103,75.00,2015/05/13 13:05:35,2015/05/13 13:05:35
66,0058,ｺｶｺｰﾗ,9,070,ドライ食品,2,001,スポット商品,02238,05,743,ｺｶｺｰﾗ)ｱｸｴﾘｱｽ500ml*24本,ｺｶｺｰﾗ)ｱｸｴﾘｱｽ500ml*24ﾎﾝ,ｱｸｴﾘ,2,2840,2160.00,2015/05/13 12:56:31,2015/05/13 12:56:31
66,0058,ｺｶｺｰﾗ,9,070,ドライ食品,2,001,スポット商品,04018,03,743,ｺｶｺｰﾗ)ｱｸｴﾘｱｽ500ml,ｺｶｺｰﾗ)ｱｸｴﾘｱｽ500ml,アクエリア,2,123,90.00,2015/05/13 12:55:59,2015/05/13 12:55:59
54,0046,自販機課,9,070,ドライ食品,2,001,スポット商品,06213,04,743,ｻ)特茶 伊右衛門500ml*24,ｻﾝﾄﾘｰﾄｸﾁｬ,特茶,2,4080,2646.00,2015/05/13 12:46:04,2015/05/13 12:46:04
54,0046,自販機課,9,070,ドライ食品,2,001,スポット商品,06212,02,743,ｻﾝﾄﾘｰ特茶 伊右衛門500ml,ﾄｸﾁｬ,特茶,2,170,110.25,2015/05/13 12:45:39,2015/05/13 12:45:39
112,0107,全日食(ドライ),9,070,ドライ食品,2,001,スポット商品,04549,01,743,ｻﾝﾄ特保黒烏龍茶350mｌ*24,ｻﾝﾄﾘｰｸﾛｳｰﾛﾝﾁｬ350ml*24,黒烏龍,2,3840,2784.00,2015/05/13 12:40:19,2015/05/13 12:40:19
112,0107,全日食(ドライ),9,070,ドライ食品,2,001,スポット商品,04549,00,743,ｻﾝﾄ特保黒烏龍茶350mｌ*24,ｻﾝﾄﾘｰｸﾛｳｰﾛﾝﾁｬ350ml*24,黒烏龍,1,3991,2904.00,2015/05/13 12:40:15,2015/05/13 12:40:15
112,0107,全日食(ドライ),9,070,ドライ食品,2,001,スポット商品,04548,01,743,ｻﾝﾄﾘｰ特保黒烏龍茶350mｌ,ｻﾝﾄﾘｰｸﾛｳｰﾛﾝﾁｬ350ml,黒烏龍,2,160,116.00,2015/05/13 12:39:37,2015/05/13 12:39:37
112,0107,全日食(ドライ),9,070,ドライ食品,2,001,スポット商品,04548,00,743,ｻﾝﾄﾘｰ特保黒烏龍茶350mｌ,ｻﾝﾄﾘｰｸﾛｳｰﾛﾝﾁｬ350ml,黒烏龍,1,172,121.00,2015/05/13 12:39:37,2015/05/13 12:39:37
112,0107,全日食(ドライ),9,070,ドライ食品,2,001,スポット商品,08058,00,843,伊藤園健康ﾐﾈﾗﾙ麦茶2L*6,ﾑｷﾞﾁｬ,麦茶2L*6,2,1098,774.00,2015/05/13 12:34:32,2015/05/13 12:34:32
112,0107,全日食(ドライ),9,070,ドライ食品,2,001,スポット商品,08057,00,743,伊藤園健康ﾐﾈﾗﾙ麦茶2L,ﾐﾈﾗﾙﾑｷﾞﾁｬ,麦茶,2,189,129.00,2015/05/13 12:33:49,2015/05/13 12:33:49
54,0046,自販機課,9,070,ドライ食品,2,001,スポット商品,02297,06,743,ｷﾘﾝ ﾎﾞﾙｳﾞｨｯｸ500ml*24本,ｷﾘﾝﾎﾞﾙｳﾞｨｯｸ500ml*24,ﾎﾞﾙｳﾞｨｯｸ24,2,2280,1536.00,2015/05/13 12:31:10,2015/05/13 12:31:10
54,0046,自販機課,9,070,ドライ食品,2,001,スポット商品,02849,04,743,ｷﾘﾝ）ﾎﾞﾙｳﾞｨｯｸ500ml,ｷﾘﾝﾎﾞﾙｳﾞｨｯｸ,ﾎﾞﾙｳﾞｨｯｸ,2,105,64.00,2015/05/13 12:30:35,2015/05/13 12:30:35
112,0107,全日食(ドライ),9,070,ドライ食品,2,001,スポット商品,03988,07,749,ｻｸﾗ印純粋はちみつ15g*10,ﾊﾁﾐﾂ15g*10,はちみつ,2,358,255.00,2015/05/13 12:29:45,2015/05/13 12:29:45
112,0107,全日食(ドライ),9,070,ドライ食品,2,001,スポット商品,03987,02,749,森永ﾎｯﾄｹｰｷﾐｯｸｽ箱300g,ﾎｯﾄｹｰｷﾐｯｸｽ300g,ﾎｯﾄｹｰｷ,2,198,143.00,2015/05/13 12:29:19,2015/05/13 12:29:19
112,0107,全日食(ドライ),9,070,ドライ食品,2,001,スポット商品,04432,01,741,森永牛乳で飲むｺｺｱ220g,ｷﾞｭｳﾆｭｳﾃﾞﾉﾑｺｺｱ220g,ココア,2,358,255.00,2015/05/13 12:28:42,2015/05/13 12:28:42
112,0107,全日食(ドライ),9,070,ドライ食品,2,001,スポット商品,04980,02,742,ﾊｳｽむぎ茶冷水用16P,ﾊｳｽむぎ茶冷水用16P,麦茶,2,248,173.00,2015/05/13 12:28:16,2015/05/13 12:28:16
112,0107,全日食(ドライ),9,070,ドライ食品,2,001,スポット商品,03985,05,741,日新徳用ｽﾃｨｯｸｼｭｶﾞｰ4g*50,ｽﾃｨｯｸｼｭｶﾞ4g*50,ｽﾃｨｯｸｼｭｶﾞ,2,128,82.00,2015/05/13 12:26:10,2015/05/13 12:26:10
112,0107,全日食(ドライ),9,070,ドライ食品,2,001,スポット商品,03706,05,741,森永ｸﾘｰﾌﾟ85g,ﾓﾘﾅｶﾞｸﾘｰﾌﾟ,くりーぷ,2,278,202.00,2015/05/13 12:25:19,2015/05/13 12:25:19
112,0107,全日食(ドライ),9,070,ドライ食品,2,001,スポット商品,08056,00,741,UCCﾄﾞﾘｯﾌﾟｺｰﾋｰSPﾌﾞﾚﾝﾄﾞ8P,ﾄﾞﾘｯﾌﾟｺｰﾋｰ,ﾄﾞﾘｯﾌﾟｺ,2,228,160.00,2015/05/13 12:24:50,2015/05/13 12:24:50
112,0107,全日食(ドライ),9,070,ドライ食品,2,001,スポット商品,06209,05,741,ｺﾞｰﾙﾄﾞﾌﾞﾚﾝﾄﾞｴｺ&ｼｽﾃﾑ70g,ｺﾞｰﾙﾄﾞﾌﾞﾚﾝﾄﾞｴｺ&ｼｽﾃﾑ70g,ｺﾞｰﾙﾄﾞｴｺ,2,680,510.00,2015/05/13 12:23:25,2015/05/13 12:23:25
112,0107,全日食(ドライ),9,070,ドライ食品,2,001,スポット商品,06208,04,741,ﾈｽﾚ ｺﾞｰﾙﾄﾞﾌﾞﾚﾝﾄﾞ瓶90g,ﾈｽﾚｺﾞｰﾙﾄﾞﾌﾞﾚﾝﾄﾞ90g,ｺﾞｰﾙﾄﾞﾌﾞﾚﾝ,2,698,520.00,2015/05/13 12:22:56,2015/05/13 12:22:56
112,0107,全日食(ドライ),9,070,ドライ食品,2,001,スポット商品,06207,04,741,ﾈｽﾚ ﾈｽｶﾌｪｴｸｾﾗ130g,ﾈｽﾚ ﾈｽｶﾌｪｴｸｾﾗ130g,ﾈｽｶﾌｪ,2,638,465.00,2015/05/13 12:22:19,2015/05/13 12:22:19
112,0107,全日食(ドライ),9,070,ドライ食品,2,001,スポット商品,03970,04,732,QP和風醤油ｺﾞﾏﾄﾞﾚﾞ150ml,ﾜﾌｳｼｮｳﾕｺﾞﾏﾄﾞﾚｯｼﾝｸﾞ,ドレシング,2,166,132.00,2015/05/13 12:18:00,2015/05/13 12:18:00
112,0107,全日食(ドライ),9,070,ドライ食品,2,001,スポット商品,03970,03,732,QP和風醤油ｺﾞﾏﾄﾞﾚﾞ150ml,ﾜﾌｳｼｮｳﾕｺﾞﾏﾄﾞﾚｯｼﾝｸﾞ,ドレシング,2,180,132.00,2015/05/13 12:17:59,2015/05/13 12:17:59
112,0107,全日食(ドライ),9,070,ドライ食品,2,001,スポット商品,03970,02,732,QP和風醤油ｺﾞﾏﾄﾞﾚﾞ150ml,ﾜﾌｳｼｮｳﾕｺﾞﾏﾄﾞﾚｯｼﾝｸﾞ,ドレシング,1,179,132.00,2015/05/13 12:17:59,2015/05/13 12:17:59
112,0107,全日食(ドライ),9,070,ドライ食品,2,001,スポット商品,03970,01,732,QP和風醤油ｺﾞﾏﾄﾞﾚﾞ150ml,ﾜﾌｳｼｮｳﾕｺﾞﾏﾄﾞﾚｯｼﾝｸﾞ,ドレシング,1,190,132.00,2015/05/13 12:17:59,2015/05/13 12:17:59
112,0107,全日食(ドライ),9,070,ドライ食品,2,001,スポット商品,03970,00,732,QP和風醤油ｺﾞﾏﾄﾞﾚﾞ150ml,ﾜﾌｳｼｮｳﾕｺﾞﾏﾄﾞﾚｯｼﾝｸﾞ,ドレシング,1,194,132.00,2015/05/13 12:17:59,2015/05/13 12:17:59
112,0107,全日食(ドライ),9,070,ドライ食品,2,001,スポット商品,08055,00,732,味の素ﾋﾟｭｱｾﾚｸﾄｶﾛﾘｰｶｯﾄ360,ﾋﾟｭｱｾﾚｸﾄ,ﾋﾟｭｱｾﾚｸﾄ,2,218,153.00,2015/05/13 12:17:22,2015/05/13 12:17:22
112,0107,全日食(ドライ),9,070,ドライ食品,2,001,スポット商品,03967,04,732,ｷｭｰﾋﾟｰ ﾏﾖﾈｰｽﾞ350ｇ,ｷｭｰﾋﾟｰ ﾏﾖﾈｰｽﾞ350ｇ,ﾏﾖﾈｰｽﾞ,2,248,172.00,2015/05/13 12:15:48,2015/05/13 12:15:48
98,0090,クスリのアオキ,13,100,バラエティー,2,001,スポット商品,08054,00,1999,ｿﾌﾗﾝｱﾛﾏﾘｯﾁｽｶｰﾚｯﾄﾎﾞﾄﾙ,ｿﾌﾗﾝｱﾛﾏﾘｯﾁﾎﾞﾄﾙ,ｿﾌﾗﾝ,2,384,288.00,2015/05/13 11:35:24,2015/05/13 11:35:24
112,0107,全日食(ドライ),9,070,ドライ食品,2,001,スポット商品,07574,01,732,ﾎｸﾚﾝ てんさい糖700g,ﾎｸﾚﾝﾃﾝｻｲﾄｳ700g,てんさい糖,2,368,265.00,2015/05/12 18:59:53,2015/05/12 18:59:53
112,0107,全日食(ドライ),9,070,ドライ食品,2,001,スポット商品,03953,05,731,ｶｺﾞﾒ とんかつｿｰｽ300ml,ﾄﾝｶﾂｿｰｽ300ml,とんかつ,2,198,142.00,2015/05/12 18:53:30,2015/05/12 18:53:30
112,0107,全日食(ドライ),9,070,ドライ食品,2,001,スポット商品,03951,06,731,ｶｺﾞﾒ ｳｽﾀｰｿｰｽ300ml,ｶｺﾞﾒ ｳｽﾀｰｿｰｽ300ml,ｳｽﾀｰ,2,198,142.00,2015/05/12 18:51:21,2015/05/12 18:51:21
112,0107,全日食(ドライ),9,070,ドライ食品,2,001,スポット商品,07436,02,739,ﾔﾏﾓﾘそのままそばつゆ500m,ﾔﾏﾓﾘｿﾉﾏﾏｿﾊﾞﾂﾕ500ml,そばつゆ,2,238,175.00,2015/05/12 18:49:14,2015/05/12 18:49:14
112,0107,全日食(ドライ),9,070,ドライ食品,2,001,スポット商品,04883,11,731,ﾔﾏﾓﾘそのままｿｳﾒﾝつゆ500m,ﾔﾏﾓﾘｿﾉﾏﾏｿｳﾒﾝﾂﾕ,そうめんﾂﾕ,2,238,175.00,2015/05/12 18:48:42,2015/05/12 18:48:42
112,0107,全日食(ドライ),9,070,ドライ食品,2,001,スポット商品,07991,01,731,ﾔﾏｷ割烹白だし400ml,ｼﾛﾀﾞｼ,白だし,2,328,235.00,2015/05/12 18:46:20,2015/05/12 18:46:20
112,0107,全日食(ドライ),9,070,ドライ食品,2,001,スポット商品,06229,01,731,ｷﾝｸﾞ醸造新味料醇良1㍑,ｼﾝﾐﾘｮｳ1L,新味料1L,2,318,221.00,2015/05/12 18:45:02,2015/05/12 18:45:02
112,0107,全日食(ドライ),9,070,ドライ食品,2,001,スポット商品,03891,13,731,ｴﾊﾞﾗすき焼きのたれ300ml,ｴﾊﾞﾗｽｷﾔｷﾉﾀﾚ300ml,すき焼きﾀﾚ,2,228,155.00,2015/05/12 18:43:16,2015/05/12 18:43:16
112,0107,全日食(ドライ),9,070,ドライ食品,2,001,スポット商品,03930,06,724,味の素白がゆ250g,ｱｼﾞﾉﾓﾄｼﾛｶﾞﾕ250g,白がゆ,2,128,81.00,2015/05/12 18:34:32,2015/05/12 18:34:32
38,0032,中橋商事㈱,9,070,ドライ食品,2,001,スポット商品,00693,09,721,中)石川産のとひかり3kg,ﾉﾄﾋｶﾘ3ｷﾛ,ﾉﾄﾋｶﾘ3㎏,2,1180,750.00,2015/05/12 18:25:29,2015/05/12 18:25:29
112,0107,全日食(ドライ),9,070,ドライ食品,2,001,スポット商品,07680,02,714,ｻﾝﾖｰ ﾊﾟｲﾝ&みかん130g,ﾊﾟｲﾝ&ﾐｶﾝ,ﾊﾟｲﾝﾐｶﾝ,2,115,80.00,2015/05/12 18:23:05,2015/05/12 18:23:05
112,0107,全日食(ドライ),9,070,ドライ食品,2,001,スポット商品,07376,01,714,ｻﾝﾖｰ堂ﾌﾙｰﾂﾐｯｸｽEO130g,ｻﾝﾖｰﾌﾙｰﾂﾐｯｸｽEO130g,ﾌﾙｰﾂﾐｯｸｽ,2,115,80.00,2015/05/12 18:21:47,2015/05/12 18:21:47
112,0107,全日食(ドライ),9,070,ドライ食品,2,001,スポット商品,03928,05,714,ｻﾝﾖｰ堂ｱｲｻﾝﾖｰ黄桃4号,ｵｳﾄｳｶﾝ,黄桃,2,164,114.00,2015/05/12 18:20:45,2015/05/12 18:20:45
7,0007,オフィス・ミント,28,001,その他,2,001,スポット商品,99075,00,9999,OMすっきり赤しそ,ｽｯｷﾘｱｶｼｿ,赤しそ,2,1556,1089.00,2015/05/12 16:37:39,2015/05/12 16:37:39
39,0033,江口青果株式会社,14,010,青果物,2,001,スポット商品,01286,27,113,五郎島ｻﾂﾏｲﾓ1本,ｲｼｶﾜｹﾝﾎｶｻﾂﾏｲﾓM1ﾎﾝ,ｻﾂﾏｲﾓ1本,2,0,0.00,2015/05/12 14:36:09,2015/05/12 14:36:09
120,0111,全日食(バラエティ）,13,100,バラエティー,2,001,スポット商品,06482,04,1060,ｾﾞﾌﾞﾗﾀﾌﾟﾘｸﾘｯﾌﾟﾎﾞｰﾙﾍﾟﾝ黒,ｾﾞﾌﾞﾗﾀﾌﾟﾘｸﾘｯﾌﾟﾎﾞｰﾙﾍﾟﾝ,ﾎﾞｰﾙﾍﾟﾝ,2,90,65.00,2015/05/12 13:09:41,2015/05/12 13:09:41
120,0111,全日食(バラエティ）,13,100,バラエティー,2,001,スポット商品,05356,01,1030,三菱ｱﾙﾐﾎｲﾙ25㌢×8㍍,ｱﾙﾐﾎｲﾙ,ｱﾙﾐﾎｲﾙ,2,80,56.00,2015/05/12 13:09:17,2015/05/12 13:09:17
112,0107,全日食(ドライ),9,070,ドライ食品,2,001,スポット商品,06078,06,713,ﾏﾙｺﾒ即席みそ汁あさり8食,ｿｸｾｷｱｻﾘ,即席あさり,2,100,74.00,2015/05/12 13:08:34,2015/05/12 13:08:34
55,0047,×ヤマキシ,13,100,バラエティー,2,001,スポット商品,07382,02,1041,ｼﾞｮﾝｿﾝ洗濯槽ｶﾋﾞｷﾗｰ550g,ｼﾞｮﾝｿﾝｾﾝﾀｸｿｳｶﾋﾞｷﾗｰ,洗濯槽ｶﾋﾞｷ,2,258,198.00,2015/05/12 13:07:52,2015/05/12 13:07:52
98,0090,クスリのアオキ,15,060,冷凍食品,24,000,スポット商品(冷凍),06130,04,1611,ﾆﾁﾚｲ)ﾐﾆｵﾑﾚﾂ5個入,ﾐﾆｵﾑﾚﾂ5ｺ,ｵﾑﾚﾂ5個,2,238,180.00,2015/05/12 13:05:08,2015/05/12 13:05:08
72,0064,森永(アイス),15,060,冷凍食品,24,000,スポット商品(冷凍),08053,00,1672,森永ﾊﾞﾆﾗ＆いちご（ﾏﾙﾁ）,ﾊﾞﾆﾗ&ｲﾁｺﾞ,ﾊﾞﾆﾗ＆ｲﾁｺﾞ,2,198,145.00,2015/05/12 13:04:43,2015/05/12 13:04:43
72,0064,森永(アイス),15,060,冷凍食品,24,000,スポット商品(冷凍),07940,01,1672,森永 ﾊﾞﾆﾗ&ﾁｮｺ(ﾏﾙﾁ),ﾊﾞﾆﾗ&ﾁｮｺ,ﾊﾞﾆﾗ&ﾁｮｺ,2,198,145.00,2015/05/12 13:03:55,2015/05/12 13:03:55
72,0064,森永(アイス),15,060,冷凍食品,24,000,スポット商品(冷凍),01650,24,1672,Mﾊﾟﾙﾑ ﾁｮｺ6本入,Mﾊﾟﾙﾑ ﾁｮｺ6本入,Mﾊﾟﾙﾑ,2,298,224.28,2015/05/12 13:03:19,2015/05/12 13:03:19
72,0064,森永(アイス),15,060,冷凍食品,24,000,スポット商品(冷凍),04601,08,1672,Mﾐﾆﾐﾙｸ25ml*12本入,ﾐﾆﾐﾙｸ,ﾐﾆﾐﾙｸ,2,238,150.00,2015/05/12 13:02:27,2015/05/12 13:02:27
112,0107,全日食(ドライ),9,070,ドライ食品,2,001,スポット商品,03927,07,714,ﾊｺﾞﾛﾓ朝からﾌﾙｰﾂﾊﾟｲﾐﾝM2,ﾊﾟｲﾐﾝ,ﾊﾟｲﾐﾝ,2,128,95.00,2015/05/12 13:01:57,2015/05/12 13:01:57
112,0107,全日食(ドライ),9,070,ドライ食品,2,001,スポット商品,08052,00,711,白子のり味朝食香4P,ｼﾗｺﾉﾘ,のり,2,178,140.00,2015/05/12 13:00:41,2015/05/12 13:00:41
112,0107,全日食(ドライ),9,070,ドライ食品,2,001,スポット商品,03283,01,713,永)しじみ70ｺ分ｼｼﾞﾐ茶漬3P,ﾅｶﾞﾀﾆｴﾝｼｼﾞﾐﾁｬﾂﾞｹ3P,ｼｼﾞﾐ茶漬け,2,118,89.00,2015/05/12 12:59:49,2015/05/12 12:59:49
112,0107,全日食(ドライ),9,070,ドライ食品,2,001,スポット商品,06832,01,724,ﾃｰﾌﾞﾙﾏｰｸゆめぴりか4食,ﾕﾒﾋﾟﾘｶ,ゆめぴりか,2,398,300.00,2015/05/12 12:59:27,2015/05/12 12:59:27
112,0107,全日食(ドライ),9,070,ドライ食品,2,001,スポット商品,05316,03,749,ｻｸﾗ印純粋はちみつ250g,ｻｸﾗｼﾙｼｼﾞｭﾝｽｲﾊﾁﾐﾂ250g,純粋ﾊﾁﾐﾂ,2,428,330.00,2015/05/12 12:58:50,2015/05/12 12:58:50
112,0107,全日食(ドライ),9,070,ドライ食品,2,001,スポット商品,07305,02,732,QPすりおろしｵﾆｵﾝﾄﾞﾚ150ml,QPｽﾘｵﾛｼｵﾆｵﾝﾄﾞﾚｯｼﾝｸﾞ,ｵﾆｵﾝﾄﾞﾚ,2,198,157.00,2015/05/12 12:57:17,2015/05/12 12:57:17
112,0107,全日食(ドライ),9,070,ドライ食品,2,001,スポット商品,07305,01,732,QPすりおろしｵﾆｵﾝﾄﾞﾚ150ml,QPｽﾘｵﾛｼｵﾆｵﾝﾄﾞﾚｯｼﾝｸﾞ,ｵﾆｵﾝﾄﾞﾚ,2,198,151.00,2015/05/12 12:57:05,2015/05/12 12:57:05
112,0107,全日食(ドライ),9,070,ドライ食品,2,001,スポット商品,07305,00,732,QPすりおろしｵﾆｵﾝﾄﾞﾚ150ml,QPｽﾘｵﾛｼｵﾆｵﾝﾄﾞﾚｯｼﾝｸﾞ,ｵﾆｵﾝﾄﾞﾚ,2,208,157.00,2015/05/12 12:57:05,2015/05/12 12:57:05
112,0107,全日食(ドライ),9,070,ドライ食品,2,001,スポット商品,04002,10,743,お～いお茶緑茶2L*6,ｵｰｲｵﾁｬﾘｮｸﾁｬ2L*6,おーいお茶,2,958,774.00,2015/05/12 12:54:55,2015/05/12 12:54:55
22,0018,敷島製パン　株式会社,11,080,菓子・パン,2,001,スポット商品,05405,01,843,Pくるみとあんの黒糖ﾊﾟﾝ,ｸﾙﾐﾄｱﾝﾉｺｸﾄｳﾊﾟﾝ,黒糖ﾊﾟﾝ,2,98,69.30,2015/05/12 12:53:19,2015/05/12 12:53:19
22,0018,敷島製パン　株式会社,11,080,菓子・パン,2,001,スポット商品,08051,00,843,白焼き昆布ﾛｰﾙ4個入,ｲﾛﾔｷｺﾝﾌﾞﾛｰﾙ,昆布ﾛｰﾙ,2,148,107.10,2015/05/12 12:52:55,2015/05/12 12:52:55
117,0108,全日食(ﾊﾟﾝ・菓子),11,080,菓子・パン,2,001,スポット商品,06944,04,813,ﾍﾞｼﾞｯﾌﾟｽ28g(玉ﾈｷﾞ.ｶﾎﾞﾁｬ.,ﾍﾞｼﾞｯﾌﾟｽ,ﾍﾞｼﾞｯﾌﾟｽ,2,118,89.00,2015/05/12 12:50:16,2015/05/12 12:50:16
117,0108,全日食(ﾊﾟﾝ・菓子),11,080,菓子・パン,2,001,スポット商品,06944,03,813,ﾍﾞｼﾞｯﾌﾟｽ28g(玉ﾈｷﾞ.ｶﾎﾞﾁｬ.,ﾍﾞｼﾞｯﾌﾟｽ,ﾍﾞｼﾞｯﾌﾟｽ,2,128,97.00,2015/05/12 12:50:05,2015/05/12 12:50:05
117,0108,全日食(ﾊﾟﾝ・菓子),11,080,菓子・パン,2,001,スポット商品,06944,02,813,ﾍﾞｼﾞｯﾌﾟｽ28g(玉ﾈｷﾞ.ｶﾎﾞﾁｬ.,ﾍﾞｼﾞｯﾌﾟｽ,ﾍﾞｼﾞｯﾌﾟｽ,2,122,97.00,2015/05/12 12:50:05,2015/05/12 12:50:05
117,0108,全日食(ﾊﾟﾝ・菓子),11,080,菓子・パン,2,001,スポット商品,06944,01,813,ﾍﾞｼﾞｯﾌﾟｽ28g(玉ﾈｷﾞ.ｶﾎﾞﾁｬ.,ﾍﾞｼﾞｯﾌﾟｽ,ﾍﾞｼﾞｯﾌﾟｽ,2,132,97.00,2015/05/12 12:50:05,2015/05/12 12:50:05
117,0108,全日食(ﾊﾟﾝ・菓子),11,080,菓子・パン,2,001,スポット商品,06944,00,813,ﾍﾞｼﾞｯﾌﾟｽ28g(玉ﾈｷﾞ.ｶﾎﾞﾁｬ.,ﾍﾞｼﾞｯﾌﾟｽ,ﾍﾞｼﾞｯﾌﾟｽ,1,142,97.00,2015/05/12 12:49:56,2015/05/12 12:49:56
117,0108,全日食(ﾊﾟﾝ・菓子),11,080,菓子・パン,2,001,スポット商品,08050,00,813,栗山)星たべよしお味22枚,ﾎｼﾀﾍﾞﾖ,星たべよ,2,158,114.00,2015/05/12 12:48:48,2015/05/12 12:48:48
2,0002,明治乳業㈱　北陸事業所,8,050,ディリー食品,2,001,スポット商品,08048,00,575,ﾌﾞﾙｶﾞﾘｱ脂肪0ﾘﾝｺﾞﾊﾞﾅﾅ180g,ﾘﾝｺﾞ&ﾊﾞﾅﾅ,ﾌﾞﾙｶﾞﾘｱ,2,100,75.00,2015/05/12 12:46:34,2015/05/12 12:46:34
1,0001,森永乳業,8,050,ディリー食品,2,001,スポット商品,00829,12,576,M牛乳ﾌﾟﾘﾝ130g,ｷﾞｭｳﾆｭｳﾌﾟﾘﾝ130g,牛乳ﾌﾟﾘﾝ,2,88,57.00,2015/05/12 12:45:18,2015/05/12 12:45:18
91,0083,田尻虎蔵商店,9,070,ドライ食品,2,001,スポット商品,08047,00,742,田尻ほうじ茶ﾃｨｰﾊﾞｯｸﾞ36P,ﾎｳｼﾞﾁｬ,ほうじちゃ,2,500,375.00,2015/05/12 12:44:14,2015/05/12 12:44:14